허가구역명,장소유형,시도명,시군구명,소재지도로명주소,소재지지번주소,위도,경도,푸드트럭운영대수,허가구역사용료,허가구역운영시작일자,허가구역운영종료일자,허가구역휴무일,허가구역평일운영시작시각,허가구역평일운영종료시각,허가구역주말운영시작시각,허가구역주말운영종료시각,1월운영시작시각,1월운영종료시각,2월운영시작시각,2월운영종료시각,3월운영시작시각,3월운영종료시각,4월운영시작시각,4월운영종료시각,5월운영시작시각,5월운영종료시각,6월운영시작시각,6월운영종료시각,7월운영시작시각,7월운영종료시각,8월운영시작시각,8월운영종료시각,9월운영시작시각,9월운영종료시각,10월운영시작시각,10월운영종료시각,11월운영시작시각,11월운영종료시각,12월운영시작시각,12월운영종료시각,판매제한품목,관리기관명,관리기관전화번호,데이터기준일자,제공기관코드,제공기관명
완산쳬련공원,03,13,전주시 완산구,전라북도 전주시 완산구 모악산자락길 22(중인동),전라북도 전주시 완산구 중인동 361-1,35.7674452,127.1015490,1,"월 55,000원",2018-10-15,2019-10-14,연중무휴,10:00,18:00,08:00,18:00,,,,,,,,,,,,,,,,,,,,,,,,,,전라북도 전주시시설관리공단 공원운영부,063-239-2568,2019-08-30,4640000,전라북도 전주시
부곡온천관광특구,2,경상남도,창녕군,,경상남도 창녕군 부곡면 거문리 723-2,35.441552,128.535214,1,0,2020-01-01,2020-12-31,없음,09:00,22:00,09:00,22:00,09:00,20:00,09:00,20:00,09:00,22:00,09:00,22:00,09:00,22:00,09:00,22:00,09:00,22:00,09:00,22:00,09:00,22:00,09:00,22:00,09:00,22:00,09:00,20:00,허가품목 외,창녕군청,055-530-1094,2020-07-17,5410000,경상남도 창녕군
우포 잠자리 나라,2,경상남도,창녕군,,경상남도 창녕군 이방면 안리 1360-1,35.566697,128.416936,1,0,2020-01-01,2020-12-31,없음,09:00,22:00,09:00,22:00,09:00,20:00,09:00,20:00,09:00,22:00,09:00,22:00,09:00,22:00,09:00,22:00,09:00,22:00,09:00,22:00,09:00,22:00,09:00,22:00,09:00,22:00,09:00,20:00,허가품목 외,창녕군청,055-530-1094,2020-07-17,5410000,경상남도 창녕군
고속국도 졸음쉼터,1,경기도,양주시,경기도 양주시 장흥면 서울외곽순환고속도로 58,경기도 양주시 장흥면 삼하리 250-16,37.67919783,126.9157818,1,"월6,500,000원",2017-05-01,2020-02-28,연중무휴,00:00,00:00,00:00,00:00,,,,,,,,,,,,,,,,,,,,,,,,,,양주시 민원봉사과,031-8082-5292,2020-05-26,5590000,경기도 양주시
영상강문화공원,4,전라남도,담양군,,전라남도 담양군 담양읍 향교리 271-8,35.32520546,126.987889,2,월 338080원,2020-04-20,2022-04-19,휴무일 없음,10:00,19:00,10:00,19:00,,,,,,,10:00,19:00,10:00,19:00,10:00,19:00,10:00,19:00,10:00,19:00,10:00,19:00,10:00,19:00,10:00,19:00,10:00,19:00,,담양군,061-380-2807,2020-10-16,4850000,전라남도 담양군
인제군농특산물전시판매장 주차장,99,강원도,인제군,강원도 인제군 인제읍 비봉로 48,강원도 인제군 인제읍 상동리 430,38.06526797,128.1744703,2,공시지가(원) × 면적 × 1(년) × 0.05,2018-05-23,2023-05-09,연중무휴,09:00,20:00,09:00,20:00,,,,,,,,,,,,,,,,,,,,,,,,,주류,인제군,033-460-2246,2020-10-15,4330000,강원도 인제군
어울림근린공원,04,경기도,동두천시,,경기도 동두천시 생연동 714-6,37.89661147,127.0517101,1,"년 257,100원",2016-07-04,2020-07-04,연중무휴,10:00,21:00,10:00,21:00,10:00,21:00,10:00,21:00,10:00,21:00,10:00,21:00,10:00,21:00,10:00,21:00,10:00,21:00,10:00,21:00,10:00,21:00,10:00,21:00,10:00,21:00,10:00,21:00,주류,동두천시청 농업축산위생과,031-860-2232,2020-06-30,3920000,경기도 동두천시
캠프보산 월드푸드스트리트,08,경기도,동두천시,,경기도 동두천시 보산동 429-19,37.91646779,127.0562633,12,"년 1,000,000원",2020-06-20,2023-06-20,연중무휴,18:00,23:00,18:00,23:00,00:00,00:00,00:00,00:00,18:00,23:00,18:00,23:00,18:00,23:00,18:00,23:00,18:00,23:00,18:00,23:00,18:00,23:00,18:00,23:00,18:00,23:00,00:00,00:00,주류,동두천시총 전략사업과,031-860-2275,2020-06-30,3920000,경기도 동두천시
원주종합체육관,3,강원도,원주시,강원도 원주시 서원대로 281,,37.33906115,127.9419163,5,"일 4,860원",2019-10-01,2020-03-31,홈경기일 27일만 운영,17:00,22:00,15:00,20:00,,,,,,,,,,,,,,,,,,,,,,,,,,원주시 체육시설사업소,033-737-4302,2020-05-12,4190000,강원도 원주시
강변축구장,3,대구광역시,북구,대구광역시 북구 조야로2길 113-30(서변동),,35.9089871082,128.5903467370,,"월 89,480원",2016-05-25,2018-05-22,비정기적+우천시휴무,00:00,00:00,00:00,00:00,,,,,,,,,,,,,,,,,,,,,,,,,,대구광역시 북구 위생과,053-665-2754,2020-10-13,3450000,대구광역시 북구
검단졸음쉼터(부산방향),7,대구광역시,북구,,대구광역시 북구 검단동 543-2,,,,월매출액의 1퍼센트,2016-06-28,2018-06-30,연중무휴,07:00,19:00,07:00,19:00,,,,,,,,,,,,,,,,,,,,,,,,,,대구광역시 북구 위생과,053-665-2754,2020-10-13,3450000,대구광역시 북구
검단졸음쉼터(서울방향),7,대구광역시,북구,,대구광역시 북구 검단동 376-11,,,,월매출액의 1퍼센트,2016-06-28,2018-06-30,연중무휴,07:00,19:00,07:00,19:00,,,,,,,,,,,,,,,,,,,,,,,,,,대구광역시 북구 위생과,053-665-2754,2020-10-13,3450000,대구광역시 북구
구수산도서관 주차장,8,대구광역시,북구,대구광역시 북구 대천로 21(읍내동),,35.9387435195,128.5524048216,,"월 89,480원",2016-12-27,2017-12-26,비정기적+우천시휴무,00:00,00:00,00:00,00:00,,,,,,,,,,,,,,,,,,,,,,,,,,대구광역시 북구 위생과,053-665-2754,2020-10-13,3450000,대구광역시 북구
안성시종합운동장,3,경기도,안성시,경기도 안성시 보개면 종합운동장로 203,경기도 안성시 보개면 양복리 238-2,37.0147795,127.323606,1,-,2015-12-11,2025-12-10,-,00:00,00:00,00:00,00:00,,,,,,,,,,,,,,,,,,,,,,,,,-,안성시 시설관리공단,031-672-1234,2021-03-15,4080000,경기도 안성시
한경대,6,경기도,안성시,경기도 안성시 중앙로 327,경기도 안성시 석정동 63-1,37.01020238,127.2637664,1,-,2018-10-24,2021-10-23,-,00:00,00:00,00:00,00:00,,,,,,,,,,,,,,,,,,,,,,,,,,한경대,031-678-5734,2021-03-15,4080000,경기도 안성시
안성맞춤랜드,1,경기도,안성시,경기도 안성시 보개면 남사당로 198,경기도 안성시 보개면 복평리 303-3,37.03286562,127.3078038,1,-,2019-03-12,2019-08-30,-,00:00,00:00,00:00,00:00,,,,,,,,,,,,,,,,,,,,,,,,,,안성시 농업기술센터,031-678-5734,2021-03-15,4080000,경기도 안성시
강화군 화도면,8,인천광역시,강화군,,인천광역시 강화군 화도면 사기리 301-2,37.61059258,126.457179,1,200000,2019-09-06,2021-08-31,연중무휴,08:00,21:00,08:00,21:00,,,,,,,,,,,,,,,,,,,,,,,,,,강화군,032-930-3833,2021-03-10,3570000,인천광역시 강화군
교동면 난정저수지,8,인천광역시,강화군,,인천광역시 강화군 교동면 난정리 743-5,37.77623225,126.2302965,1,0,2020-10-15,2021-08-31,연중무휴,08:00,21:00,08:00,21:00,,,,,,,,,,,,,,,,,,,,,,,,,,강화군,032-930-3833,2021-03-10,3570000,인천광역시 강화군
수성랜드,1,대구광역시,수성구,대구광역시 수성구 용학로 35-5(상동),대구광역시 수성구 상동 725,35.8268314197,128.6128425503,1,0,2017-09-18,2018-12-31,토요일+일요일,00:00,24:00,00:00,24:00,,,,,,,,,,,,,,,,,,,,,,,,,,대구광역시 수성구 식품위생과,053-666-2765,2020-07-02,3460000,대구광역시 수성구
진포해양테마공원 내,08,전라북도,군산시,,전라북도 군산시 장미동 1-71,35.989698,126.714672,4,"월 117,630원",2018-05-04,2021-05-03,월요일+화요일+수요일,16:00,22:00,16:00,22:00,,,,,,,,,,,,,,,,,,,,,,,,,,군산시,063-454-3425,2020-10-19,4670000,전라북도 군산시
옥도면 장자도리,08,전라북도,군산시,,전라북도 군산시 옥도면 장자도리 17,35.812323,126.397210,5,0,2018-12-18,2021-03-31,연중무휴,09:00,22:00,09:00,22:00,,,,,,,,,,,,,,,,,,,,,,,,,,군산시,063-454-3425,2020-10-19,4670000,전라북도 군산시
서룡공원(서룡A),5,경상남도,양산시,,경상남도 양산시 원동면 서룡리 586-3,35.337534,128.956092,1,공시지가(원) × 면적 × 1(년) × 0.015,2016-04-04,2020-12-31,연중무휴,09:00,19:00,09:00,19:00,,,,,,,,,,,,,,,,,,,,,,,,,,양산시,055-392-2824,2020-09-28,5380000,경상남도 양산시
푸드트럭존,99,서울특별시,서초구,서울특별시 서초구 강남대로 399,서울특별시 서초구 서초동 1318-8,37.4982667167,127.026867,17,1747900,2017-01-01,2017-12-31,연중무휴,12:00,23:00,12:00,23:00,12:00,23:00,12:00,23:00,12:00,23:00,12:00,23:00,12:00,23:00,12:00,23:00,12:00,23:00,12:00,23:00,12:00,23:00,12:00,23:00,12:00,23:00,12:00,23:00,,서초구,02-2155-6950,2020-10-12,3210000,서울특별시 서초구
성모병원사거리,99,서울특별시,서초구,서울특별시 서초구 반포대로 222,서울특별시 서초구 반포동 123,37.5023936158,127.0058606043,1,344300,2017-01-01,2017-12-31,연중무휴,12:00,23:00,12:00,23:00,12:00,23:00,12:00,23:00,12:00,23:00,12:00,23:00,12:00,23:00,12:00,23:00,12:00,23:00,12:00,23:00,12:00,23:00,12:00,23:00,12:00,23:00,12:00,23:00,,서초구,02-2155-6950,2020-10-12,3210000,서울특별시 서초구
양재역 1번,99,서울특별시,서초구,서울특별시 서초구 남부순환로 2583,서울특별시 서초구 서초동 1366-12,37.4847921379,127.0329481996,1,924000,2017-01-01,2017-12-31,연중무휴,12:00,23:00,12:00,23:00,12:00,23:00,12:00,23:00,12:00,23:00,12:00,23:00,12:00,23:00,12:00,23:00,12:00,23:00,12:00,23:00,12:00,23:00,12:00,23:00,12:00,23:00,12:00,23:00,,서초구,02-2155-6950,2020-10-12,3210000,서울특별시 서초구
양재역 5번,99,서울특별시,서초구,서울특별시 서초구 남부순환로350길 4,서울특별시 서초구 양재동 12-3,37.4843381074,127.035167,2,1007600,2017-01-01,2017-12-31,연중무휴,12:00,23:00,12:00,23:00,12:00,23:00,12:00,23:00,12:00,23:00,12:00,23:00,12:00,23:00,12:00,23:00,12:00,23:00,12:00,23:00,12:00,23:00,12:00,23:00,12:00,23:00,12:00,23:00,,서초구,02-2155-6950,2020-10-12,3210000,서울특별시 서초구
신사역,99,서울특별시,서초구,서울특별시 서초구 동산로 2,서울특별시 서초구 양재동 327,37.4687628545,127.040373,1,665940,2017-01-01,2017-12-31,연중무휴,12:00,23:00,12:00,23:00,12:00,23:00,12:00,23:00,12:00,23:00,12:00,23:00,12:00,23:00,12:00,23:00,12:00,23:00,12:00,23:00,12:00,23:00,12:00,23:00,12:00,23:00,12:00,23:00,,서초구,02-2155-6950,2020-10-12,3210000,서울특별시 서초구
금강제화,99,서울특별시,서초구,서울특별시 서초구 강남대로69길 8,서울특별시 서초구 서초동 1309-8,37.5018444583,127.0246533520,1,908600,2017-01-01,2017-12-31,연중무휴,12:00,23:00,12:00,23:00,12:00,23:00,12:00,23:00,12:00,23:00,12:00,23:00,12:00,23:00,12:00,23:00,12:00,23:00,12:00,23:00,12:00,23:00,12:00,23:00,12:00,23:00,12:00,23:00,,서초구,02-2155-6950,2020-10-12,3210000,서울특별시 서초구
반포쇼핑타운4동,99,서울특별시,서초구,서울특별시 서초구 신반포로 189,서울특별시 서초구 잠원동 69-2,37.5065454038,127.004826,2,550000,2017-01-01,2017-12-31,연중무휴,12:00,23:00,12:00,23:00,12:00,23:00,12:00,23:00,12:00,23:00,12:00,23:00,12:00,23:00,12:00,23:00,12:00,23:00,12:00,23:00,12:00,23:00,12:00,23:00,12:00,23:00,12:00,23:00,,서초구,02-2155-6950,2020-10-12,3210000,서울특별시 서초구
남부터미널,99,서울특별시,서초구,서울특별시 서초구 효령로 292,서울특별시 서초구 서초동 1446-1,37.4835466074,127.0151108866,1,473000,2017-01-01,2017-12-31,연중무휴,12:00,23:00,12:00,23:00,12:00,23:00,12:00,23:00,12:00,23:00,12:00,23:00,12:00,23:00,12:00,23:00,12:00,23:00,12:00,23:00,12:00,23:00,12:00,23:00,12:00,23:00,12:00,23:00,,서초구,02-2155-6950,2020-10-12,3210000,서울특별시 서초구
금산군푸드트럭존,99,충청남도,금산군,충청남도 금산군 금산읍 금산로 1559,충청남도 금산군 금산읍 중도리 203-1,36.11206754,127.4916373,1,"년 618,700원",2017-03-17,2025-05-10,연중무휴,10:00,20:00,10:00,20:00,13:00,17:00,13:00,17:00,13:00,17:00,10:00,20:00,10:00,20:00,10:00,20:00,10:00,20:00,10:00,20:00,10:00,20:00,10:00,20:00,13:00,17:00,13:00,17:00,,금산군,041-750-4454,2020-08-03,4550000,충청남도 금산군
우포늪생태공원,2,경상남도,창녕군,,경상남도 창녕군 유어면 세진리 251-1,35.544126,128.417684,1,0,2020-01-01,2020-12-31,없음,09:00,22:00,09:00,22:00,09:00,20:00,09:00,20:00,09:00,22:00,09:00,22:00,09:00,22:00,09:00,22:00,09:00,22:00,09:00,22:00,09:00,22:00,09:00,22:00,09:00,22:00,09:00,20:00,허가품목 외,창녕군청,055-530-1094,2020-07-17,5410000,경상남도 창녕군
남지읍수변생태공원,5,경상남도,창녕군,,경상남도 창녕군 남지읍 남지리 835-16,35.384883,128.474111,3,0,2020-01-01,2020-12-31,없음,09:00,22:00,09:00,22:00,09:00,20:00,09:00,20:00,09:00,22:00,09:00,22:00,09:00,22:00,09:00,22:00,09:00,22:00,09:00,22:00,09:00,22:00,09:00,22:00,09:00,22:00,09:00,20:00,허가품목 외,창녕군청,055-530-1094,2020-07-17,5410000,경상남도 창녕군
낙동강하천공원주차장,5,경상남도,창녕군,,경상남도 창녕군 남지읍 용산리 160-2,35.394693,128.440563,1,0,2020-01-01,2020-12-31,없음,09:00,22:00,09:00,22:00,09:00,20:00,09:00,20:00,09:00,22:00,09:00,22:00,09:00,22:00,09:00,22:00,09:00,22:00,09:00,22:00,09:00,22:00,09:00,22:00,09:00,22:00,09:00,20:00,허가품목 외,창녕군청,055-530-1094,2020-07-17,5410000,경상남도 창녕군
남조로 사려니숲길입구,99,제주특별자치도,서귀포시,,제주특별자치도 서귀포시 표선면 가시리 산 158-4,,,1,0,2019-04-23,2021-04-05,연중무휴,00:00,23:59,00:00,23:59,,,,,,,,,,,,,,,,,,,,,,,,,,위생관리과,064-760-2423,2020-07-01,6520000,제주특별자치도 서귀포시
구)탐라대교차로,99,제주특별자치도,서귀포시,,제주특별자치도 서귀포시 하원동 산 76-1,,,1,16000원,2019-03-12,2021-02-28,연중무휴,00:00,23:59,00:00,23:59,,,,,,,,,,,,,,,,,,,,,,,,,,위생관리과,064-760-2423,2020-07-01,6520000,제주특별자치도 서귀포시
부산대학교내 장승터,6,부산광역시,금정구,부산광역시 금정구 부산대학로 63번길 2,부산광역시 금정구 장전동 40,35.23224315,129.0838247,1,0,2018-04-30,2018-05-04,토요일+일요일+공휴일,11:00,15:00,00:00,00:00,00:00,00:00,00:00,00:00,00:00,00:00,11:00,15:00,11:00,15:00,00:00,00:00,00:00,00:00,00:00,00:00,00:00,00:00,00:00,00:00,00:00,00:00,00:00,00:00,,부산광역시 금정구청,051-519-4414,2020-10-23,3350000,부산광역시 금정구
금양초등학교,6,부산광역시,금정구,부산광역시 금정구 중앙대로 1755,부산광역시 금정구 부곡동 63-27,35.24123566,129.0920249,1,0,2018-08-04,2018-08-05,평일,00:00,00:00,10:00,18:00,00:00,00:00,00:00,00:00,00:00,00:00,00:00,00:00,00:00,00:00,00:00,00:00,00:00,00:00,10:00,18:00,00:00,00:00,00:00,00:00,00:00,00:00,00:00,00:00,,부산광역시 금정구청,051-519-4414,2020-10-23,3350000,부산광역시 금정구
부산가톨릭대학교 로사리오광장,6,부산광역시,금정구,"부산광역시 금정구 오륜대로 57, 부산가톨릭대학교 로사리오광장 (부곡동)",부산광역시 금정구 부곡동 9,35.24467702,129.0968719,1,0,2019-09-25,2019-09-25,평일,00:00,00:00,10:00,18:00,00:00,00:00,00:00,00:00,00:00,00:00,00:00,00:00,00:00,00:00,00:00,00:00,00:00,00:00,10:00,18:00,00:00,00:00,00:00,00:00,00:00,00:00,00:00,00:00,,부산광역시 금정구청,051-519-4414,2020-10-23,3350000,부산광역시 금정구
홍예공원,4,충청남도,홍성군,충청남도 홍성군 홍북읍 홍예공원로 38,충청남도 홍성군 홍북읍 신경리 886,36.65456294,126.6655067,1,"연94,000원",2018-01-01,2020-12-31,연중무휴,00:00,24:00,00:00,24:00,00:00,24:00,00:00,23:59,00:00,23:59,00:00,23:59,00:00,23:59,00:00,23:59,00:00,23:59,00:00,23:59,00:00,23:59,00:00,23:59,00:00,23:59,00:00,23:59,,홍성군,041-630-9632,2020-07-13,4600000,충청남도 홍성군
체육공원,4,충청남도,홍성군,,충청남도 홍성군 홍북읍 신경리 1557,36.64824648,126.6663169,1,"연94,000원",2018-01-01,2020-12-31,연중무휴,00:00,24:00,00:00,24:00,00:00,24:00,00:00,23:59,00:00,23:59,00:00,23:59,00:00,23:59,00:00,23:59,00:00,23:59,00:00,23:59,00:00,23:59,00:00,23:59,00:00,23:59,00:00,23:59,,홍성군,041-630-9632,2020-07-13,4600000,충청남도 홍성군
빨간카페,8,전라남도,여수시,,전라남도 여수시 화정면 조발리 산23번지 도로,34.631985,127.563179,1,0,2020-08-08,2020-12-31,월요일+화요일,10:00,19:00,10:00,19:00,,,,,,,,,,,,,,,10:00,19:00,10:00,19:00,10:00,19:00,10:00,19:00,10:00,19:00,,여수시,061-659-4239,2020-08-07,4810000,전라남도 여수시
가야진사공원(원동A),5,경상남도,양산시,,경상남도 양산시 원동면 용당리 566,35.368395,128.904522,1,공시지가(원) × 면적 × 1(년) × 0.015,2016-03-22,2020-12-31,연중무휴,09:00,19:00,09:00,19:00,,,,,,,,,,,,,,,,,,,,,,,,,,양산시,055-392-2824,2020-09-28,5380000,경상남도 양산시
서룡공원(서룡B),5,경상남도,양산시,,경상남도 양산시 원동면 서룡리 586-3,35.337534,128.956092,1,공시지가(원) × 면적 × 1(년) × 0.015,2016-03-25,2020-12-31,연중무휴,09:00,19:00,09:00,19:00,,,,,,,,,,,,,,,,,,,,,,,,,,양산시,055-392-2824,2020-09-28,5380000,경상남도 양산시
황산공원(황산A),5,경상남도,양산시,,경상남도 양산시 물금읍 물금리 640-12,35.310435,128.978124,1,공시지가(원) × 면적 × 1(년) × 0.015,2016-04-22,2020-12-31,연중무휴,09:00,19:00,09:00,19:00,,,,,,,,,,,,,,,,,,,,,,,,,,양산시,055-392-2824,2020-09-28,5380000,경상남도 양산시
황산공원(황산B),5,경상남도,양산시,,경상남도 양산시 물금읍 물금리 214,35.298295,128.989648,1,공시지가(원) × 면적 × 1(년) × 0.015,2016-04-21,2020-12-31,연중무휴,09:00,19:00,09:00,19:00,,,,,,,,,,,,,,,,,,,,,,,,,,양산시,055-392-2824,2020-09-28,5380000,경상남도 양산시
황산공원(황산C),5,경상남도,양산시,경상남도 양산시 물금읍 낙동로 295-19,경상남도 양산시 물금읍 물금리 171-4,35.3017308251,128.9895949139,1,공시지가(원) × 면적 × 1(년) × 0.015,2016-04-29,2020-12-31,연중무휴,09:00,19:00,09:00,19:00,,,,,,,,,,,,,,,,,,,,,,,,,,양산시,055-392-2824,2020-09-28,5380000,경상남도 양산시
황산공원(황산D)),5,경상남도,양산시,,경상남도 양산시 물금읍 증산리 1088-1,35.291672663,129.000544126,1,공시지가(원) × 면적 × 1(년) × 0.015,2016-04-25,2020-12-31,연중무휴,09:00,19:00,09:00,19:00,,,,,,,,,,,,,,,,,,,,,,,,,,양산시,055-392-2824,2020-09-28,5380000,경상남도 양산시
가산공원,5,경상남도,양산시,,경상남도 양산시 동면 가산리 759,35.294371,,1,공시지가(원) × 면적 × 1(년) × 0.015,2019-01-01,2020-12-31,연중무휴,09:00,19:00,09:00,19:00,,,,,,,,,,,,,,,,,,,,,,,,,,양산시,055-392-2824,2020-09-28,5380000,경상남도 양산시
부천종합운동장,3,경기도,부천시,경기도 부천시 소사로 482,,37.50256698,126.7990239,1,"연 341,000원",2019-11-01,2022-10-31,연중무휴,10:00,19:00,10:00,19:00,,,,,,,,,,,,,,,,,,,,,,,,,,부천도시공사,032-340-0871,2020-10-22,3860000,경기도 부천시
소사국민체육센터,3,경기도,부천시,경기도 부천시 소사로 108,,37.46843935,126.7983828,1,"연 1,365,650원",2019-04-01,2022-03-31,연중무휴,10:00,19:00,10:00,19:00,,,,,,,,,,,,,,,,,,,,,,,,,,부천도시공사,032-340-5324,2020-10-22,3860000,경기도 부천시
남해유배문학관,8,경상남도,남해군,경상남도 남해군 남해읍 남해대로 2745,경상남도 남해군 남해읍 남변리 555,34.83195528,127.8991855,1,년 93550원,2017-06-07,2021-06-06,연중무휴,10:00,18:00,10:00,18:00,00:00,00:00,00:00,00:00,00:00,00:00,00:00,00:00,00:00,00:00,00:00,00:00,00:00,00:00,00:00,00:00,00:00,00:00,00:00,00:00,00:00,00:00,00:00,00:00,주류,남해군,055-860-3242,2021-03-29,5430000,경상남도 남해군
창선교 밑,8,경상남도,남해군,,경상남도 남해군 삼동면 지족리 291-11,34.83255476,128.000043,1,0,2019-09-03,2021-09-02,연중무휴,10:00,18:00,10:00,18:00,00:00,00:00,00:00,00:00,00:00,00:00,00:00,00:00,00:00,00:00,00:00,00:00,00:00,00:00,00:00,00:00,00:00,00:00,00:00,00:00,00:00,00:00,00:00,00:00,주류,남해군,055-860-3243,2021-03-29,5430000,경상남도 남해군
경상남도수산기술사업소 남해사무소,8,경상남도,남해군,,경상남도 남해군 삼동면 금송리 1342-32,34.82976877,128.0082644,,0,2020-01-01,2021-12-31,연중무휴,10:00,18:00,10:00,18:00,00:00,00:00,00:00,00:00,00:00,00:00,00:00,00:00,00:00,00:00,00:00,00:00,00:00,00:00,00:00,00:00,00:00,00:00,00:00,00:00,00:00,00:00,00:00,00:00,주류,남해군,055-860-3244,2021-03-29,5430000,경상남도 남해군
팜랜드,1,경기도,안성시,경기도 안성시 공도읍 대신두길 28,경기도 안성시 공도읍 신두리 451,36.9920809,127.1944227,1,-,2015-05-29,2025-05-28,-,00:00,00:00,00:00,00:00,,,,,,,,,,,,,,,,,,,,,,,,,-,농업협동조합중앙회,031-8053-7952,2021-03-15,4080000,경기도 안성시
구석기,2,경기도,연천군,,경기도 연천군 전곡읍 전곡리 189,38.01564928,127.0614528,1,0,2015-11-12,2020-10-13,없음,00:00,23:59,00:00,23:59,,,,,,,,,,,,,,,,,,,,,,,,,술,연천군청,031-839-2232,2021-01-20,4140000,경기도 연천군
쉬림프 파파,2,경기도,연천군,,경기도 연천군 전곡읍 전곡리 705-2,38.00737481,127.0621336,1,0,2017-07-27,2017-08-05,없음,00:00,23:59,00:00,23:59,,,,,,,,,,,,,,,,,,,,,,,,,술,연천군청,031-839-2232,2021-01-20,4140000,경기도 연천군
뉴욕커 핫도그,2,경기도,연천군,"경기도 연천군 전곡읍 선사로 123, 한탄강 세계 캠핑 축제",경기도 연천군 전곡읍 전곡리 705-2,38.0073748068,127.0621335920,1,0,2017-07-27,2017-08-05,없음,00:00,23:59,00:00,23:59,,,,,,,,,,,,,,,,,,,,,,,,,술,연천군청,031-839-2232,2021-01-20,4140000,경기도 연천군
로하스 캠핑테리아,99,경기도,연천군,경기도 연천군 전곡읍 은전로 45 (젼곡읍사무소 정문 인근),경기도 연천군 전곡읍 은대리 573,38.0280944,127.0637091,1,0,2017-08-30,2022-08-31,없음,00:00,23:59,00:00,23:59,,,,,,,,,,,,,,,,,,,,,,,,,술,연천군청,031-839-2232,2021-01-20,4140000,경기도 연천군
부산시청 푸드트럭존,8,부산광역시,연제구,부산광역시 연제구 중앙대로 1001,부산광역시 연제구 연산동 1000,35.17992599,129.0750952,3,0,2017-12-22,2018-12-22,연중무휴,00:00,23:59,00:00,23:59,,,,,,,,,,,,,,,,,,,,,,,,,,연제구청,051-665-4411,2021-01-13,3370000,부산광역시 연제구
아시아드주경기장,8,부산광역시,연제구,부산광역시 연제구 월드컵대로 344,부산광역시 연제구 거제동 1299,35.19008744,129.058356,7,0,2017-11-23,2018-10-31,연중무휴,00:00,23:59,00:00,23:59,,,,,,,,,,,,,,,,,,,,,,,,,,연제구청,051-665-4411,2021-01-13,3370000,부산광역시 연제구
사랑을 볶는 카페,4,경상남도,사천시,경상남도 사천시 용현면 석양길 500,,35.0093764339,128.0472845779,1,0,2016-09-22,2099-12-31,공휴일,09:00,20:00,09:00,20:00,,,,,,,,,,,,,,,,,,,,,,,,,,경상남도 사천시청,055-831-3615,2021-01-14,5340000,경상남도 사천시
뉴욕타이거푸드카페,4,경상남도,사천시,"경상남도 사천시 사천대로 17 (대방동, 삼천포대교공원)",,34.9322941876,128.0523348304,1,0,2016-10-14,2099-12-31,공휴일,09:00,20:00,09:00,20:00,,,,,,,,,,,,,,,,,,,,,,,,,,경상남도 사천시청,055-831-3615,2021-01-14,5340000,경상남도 사천시
우리가족,4,경상남도,사천시,"경상남도 사천시 사천대로 17 (대방동, 삼천포대교공원)",,34.9322941876,128.0523348304,1,0,2016-10-14,2099-12-31,공휴일,09:00,20:00,09:00,20:00,,,,,,,,,,,,,,,,,,,,,,,,,,경상남도 사천시청,055-831-3615,2021-01-14,5340000,경상남도 사천시
사천대교왕씨앗호떡,4,경상남도,사천시,,경상남도 사천시 서포면 자혜리 산 23-20,,,1,0,2017-06-05,2099-12-31,공휴일,09:00,20:00,09:00,20:00,,,,,,,,,,,,,,,,,,,,,,,,,,경상남도 사천시청,055-831-3615,2021-01-14,5340000,경상남도 사천시
누누토스트,7,경상남도,사천시,,경상남도 사천시 곤양면 맥사리 165-7,,,1,0,2020-01-06,2099-12-31,공휴일,09:00,20:00,09:00,20:00,,,,,,,,,,,,,,,,,,,,,,,,,,경상남도 사천시청,055-831-3615,2021-01-14,5340000,경상남도 사천시
구좌 해안도로,8,제주특별자치도,제주시,,제주특별자치도 제주시 구좌읍 종달리 724,33.487252,126.902478,1,11000000원/년,2017-07-24,2022-05-15,연중무휴,09:00,18:00,09:00,18:00,,,,,,,,,,,,,,,,,,,,,,,,,,제주시 위생관리과,064-728-2623,2020-06-30,6510000,제주특별자치도 제주시
수목원테마파크,2,제주특별자치도,제주시,제주특별자치도 제주시 은수길 69 (연동),제주특별자치도 제주시 연동 1320,33.4706503551,126.4882177580,18,0,2020-01-01,2020-12-31,연중무휴,19:00,22:00,19:00,22:00,,,,,,,,,,,,,,,,,,,,,,,,,,제주시 위생관리과,064-728-2623,2020-06-30,6510000,제주특별자치도 제주시
새별오름,8,제주특별자치도,제주시,,제주특별자치도 제주시 애월읍 봉성리 4554,33.3615590828,126.3636535377,10,25410원/년,2020-01-01,2020-12-31,연중무휴,10:00,18:00,10:00,18:00,,,,,,,,,,,,,,,,,,,,,,,,,,제주시 위생관리과,064-728-2623,2020-06-30,6510000,제주특별자치도 제주시
고속도로 졸음쉼터,7,경기도,수정구,,경기도 성남시 수정구 수진동 산39-13,,,1,매출 대비 지불,2020-10-19,2021-10-18,연중무휴,08:00,19:00,08:00,19:00,08:00,19:00,08:00,19:00,08:00,19:00,08:00,19:00,08:00,19:00,08:00,19:00,08:00,19:00,08:00,19:00,08:00,19:00,08:00,19:00,08:00,19:00,08:00,19:00,,한국도로공사,02-2225-8425,2021-01-01,3780000,경기도 성남시
광명동굴 내,04,경기도,광명시,경기도 광명시 가학로85번길 142,경기도 광명시 가학동 27,37.4246785730,126.8634320983,4,"연 7,000원~8,000원",2017-01-09,2019-01-06,연중무휴,13:00,21:00,13:00,21:00,,,,,,,,,,,,,,,,,,,,,,,,,,광명시 생활위생과,02-2680-5483,2020-12-14,3900000,경기도 광명시
남조로 사려니숲길입구,99,제주특별자치도,서귀포시,,제주특별자치도 서귀포시 표선면 가시리 산 158-4,,,1,0,2019-04-19,2021-03-29,연중무휴,00:00,23:59,00:00,23:59,,,,,,,,,,,,,,,,,,,,,,,,,,위생관리과,064-760-2423,2020-07-01,6520000,제주특별자치도 서귀포시
송림테마거리,99,15,포항시,경상북도 포항시 남구 송도해안길,경상북도 포항시 남구 송도동 254-100,36.0369311787,129.3783556304,8,0,2018-05-05,2018-05-07,연중무휴,10:00,22:00,10:00,22:00,,,,,,,,,,,,,,,,,,,,,,,,,,포항시 남구청,054-270-6186,2019-08-02,5020000,경상북도 포항시
선린대학교,06,15,포항시,경상북도 포항시 북구 흥해읍 초곡리36번길 30,경상북도 포항시 북구 흥해읍 초곡리 146-1 선린대학교,36.0899403107,129.3326014958,1,0,2019-03-19,2020-03-10,연중무휴,10:00,22:00,10:00,22:00,,,,,,,,,,,,,,,,,,,,,,,,,,포항시 북구청,054-240-7184,2019-08-02,5020000,경상북도 포항시
칠포해수욕장,02,15,포항시,경상북도 포항시 북구 흥해읍 해안로,경상북도 포항시 북구 흥해읍 칠포리 197-20 칠포해수욕장 일원,36.1420294942,129.3920649276,1,0,2018-09-07,2019-09-09,연중무휴,10:00,22:00,10:00,22:00,,,,,,,,,,,,,,,,,,,,,,,,,,포항시 북구청,054-240-7184,2019-08-02,5020000,경상북도 포항시
영일대해수욕장,02,15,포항시,경상북도 포항시 북구 해안로,경상북도 포항시 북구 두호동 685-1 영일대해수욕장 제2주차장 또는 지정장소,36.1420294942,129.3920649276,5,0,2018-07-20,2018-10-13,연중무휴,10:00,22:00,10:00,22:00,,,,,,,,,,,,,,,,,,,,,,,,,,포항시 북구청,054-240-7184,2019-08-02,5020000,경상북도 포항시
포항대학교 학교주차장,06,15,포항시,경상북도 포항시 북구 흥해읍 신덕로 60,경상북도 포항시 북구 죽천리 산55,36.0864225949,129.4106957078,1,0,2018-04-05,2019-03-30,연중무휴,10:00,22:00,10:00,22:00,,,,,,,,,,,,,,,,,,,,,,,,,,포항시 북구청,054-240-7184,2019-08-02,5020000,경상북도 포항시
팔달문 차없는 거리 및 지동교,99,09,수원시,경기도 수원시 팔달구 팔달문로 9,경기도 수원시 팔달구 팔달로2가 48-1,37.277718,127.018472,18,42만원/년,2018-07-17,2019-12-31,없음,17:00,22:00,17:00,22:00,17:00,22:00,17:00,22:00,17:00,22:00,17:00,22:00,17:00,22:00,17:00,22:00,17:00,22:00,17:00,22:00,17:00,22:00,17:00,22:00,17:00,22:00,17:00,22:00,기선정메뉴+주류,수원시청,031-228-3269,2019-09-05,3740000,경기도 수원시
입곡군립공원 주차장,2,경상남도,함안군,,경상남도 함안군 산인면 입곡리 1181,35.263336,128.449553,1,"년 6,870원",2016-10-10,2020-10-09,연중무휴,09:00,18:00,09:00,18:00,09:00,18:00,09:00,18:00,09:00,18:00,09:00,18:00,09:00,18:00,09:00,18:00,09:00,18:00,09:00,18:00,09:00,18:00,09:00,18:00,09:00,18:00,09:00,18:00,주류+담배,함안군,055-580-3413,2020-10-27,5400000,경상남도 함안군
입곡군립공원 아라힐링카페,2,경상남도,함안군,,경상남도 함안군 산인면 입곡리 1310,35.2595394,128.4510892,1,년 900원,2018-11-14,2021-11-13,연중무휴,09:00,18:00,09:00,18:00,09:00,18:00,09:00,18:00,09:00,18:00,09:00,18:00,09:00,18:00,09:00,18:00,09:00,18:00,09:00,18:00,09:00,18:00,09:00,18:00,09:00,18:00,09:00,18:00,주류+담배,함안군,055-580-3413,2020-10-27,5400000,경상남도 함안군
악양생태공원,4,경상남도,함안군,,경상남도 함안군 대산면 하기리 806,35.33978875,128.3966927,1,"년 10,870원",2018-12-06,2021-12-05,연중무휴,09:00,18:00,09:00,18:00,09:00,18:00,09:00,18:00,09:00,18:00,09:00,18:00,09:00,18:00,09:00,18:00,09:00,18:00,09:00,18:00,09:00,18:00,09:00,18:00,09:00,18:00,09:00,18:00,주류+담배,함안군,055-580-3424,2020-10-27,5400000,경상남도 함안군
강나루생태공원,5,경상남도,함안군,,경상남도 함안군 칠서면 이룡리 996-8,35.392269,128.509703,1,"년 35,000원",2015-07-16,2020-07-15,연중무휴,09:00,18:00,09:00,18:00,09:00,18:00,09:00,18:00,09:00,18:00,09:00,18:00,09:00,18:00,09:00,18:00,09:00,18:00,09:00,18:00,09:00,18:00,09:00,18:00,09:00,18:00,09:00,18:00,주류+담배,함안군,055-580-3416,2020-10-27,5400000,경상남도 함안군
중부선 농다리 졸음쉼터,7,충청북도,진천군,충청북도 진천군 문백면 중부고속도로 31,충청북도 진천군 문백면 구곡리 87,36.8346558,127.4940163,1,0,2017-12-08,2018-12-07,연중무휴,00:00,00:00,00:00,00:00,,,,,,,,,,,,,,,,,,,,,,,,,,진천군,043-539-3426,2020-09-16,4450000,충청북도 진천군
서울외곽고속도로 김포TG외측 졸음쉼터,7,경기도,김포시,,경기도 김포시 고촌읍 신곡리 800-1,37.5869702,126.7518781,1,"월100,000원",2019-12-15,2020-12-14,연중무휴,08:00,19:00,08:00,19:00,,,,,,,,,,,,,,,,,,,,,,,,,주류,김포시,031-980-2253,2020-05-13,4090000,경기도 김포시
한강신도시 호수공원,4,경기도,김포시,,경기도 김포시 마산동 617-2,37.6457871088,126.63491772,1,"월18,984원",2019-09-20,2021-09-19,연중무휴,10:00,20:00,10:00,20:00,,,,,,,,,,,,,,,,,,,,,,,,,주류,김포시,031-980-2253,2020-05-13,4090000,경기도 김포시
해운대구청,8,부산광역시,해운대구,부산광역시 해운대구 중동2로 11,부산광역시 해운대구 중동 1378-95,35.1631596,129.1635629,1,"연간 2,523,950원",2017-01-01,2020-12-31,일요일 휴무,08:00,18:00,08:00,18:00,,,,,,,,,,,,,,,,,,,,,,,,,주류,해운대구,051-749-4161,2020-06-22,3330000,부산광역시 해운대구
안중시장 고객센터 앞,99,경기도,평택시,,경기도 평택시 안중읍 안중리 267-5,36.98750243,126.9284436,1,"연 251,460원",2019-12-08,2021-12-07,연중무휴* 휴무시 사전 알림 (행사참여 등),10:00,20:00,10:00,20:00,,,,,,,,,,,,,,,,,,,,,,,,,,평택시,031-8024-2294,2020-04-28,3910000,경기도 평택시
산청 동의보감촌 입구주차장,8,경상남도,산청군,경상남도 산청군 금서면 동의보감로555번길 45-2,경상남도 산청군 금서면 특리 1300-30,35.4414774882,127.8294876846,1,"연 10,230원",2016-10-17,2021-09-12,매주 월요일,09:00,18:00,09:00,18:00,09:00,18:00,09:00,18:00,09:00,18:00,09:00,18:00,09:00,18:00,09:00,18:00,09:00,18:00,09:00,18:00,09:00,18:00,09:00,18:00,09:00,18:00,09:00,18:00,주류,산청군,055-970-6634,2020-10-20,5450000,경상남도 산청군
광양국민체육센터 커피하우스,3,전라남도,광양시,"전라남도 광양시 봉강면 매천로 695-9, 광양국민체육센터 입구",전라남도 광양시 봉강면 석사리 100,34.9823760605,127.5737443314,1,0,2019-07-16,2022-12-31,"셋?, 넷째 월요일/ 매주 토요일 일요일",10:00,14:00,10:00,14:00,10:00,,10:00,,10:00,,10:00,,10:00,,10:00,,10:00,,10:00,,10:00,,10:00,,10:00,,10:00,,X,광양시,061-762-9880,2020-10-26,4840000,전라남도 광양시
서구문화회관,99,대구광역시,서구,대구광역시 서구 당산로 403,대구광역시 서구 이현동 48-144,35.87279161,128.545535,1,0,2018-03-12,2019-03-11,미공연 시,09:00,22:00,09:00,22:00,,,,,,,,,,,,,,,,,,,,,,,,,술,대구서구청,053-663-2774,2020-10-23,3430000,대구광역시 서구
앵강소공원내,8,경상남도,남해군,경상남도 남해군 이동면 남해대로 1856-3,경상남도 남해군 이동면 무림리 1798,34.78432799,127.9613395,1,년 6970원,2016-11-10,2021-11-09,연중무휴,10:00,18:00,10:00,18:00,10:00,18:00,10:00,18:00,10:00,18:00,10:00,18:00,10:00,18:00,10:00,18:00,10:00,18:00,10:00,18:00,10:00,18:00,10:00,18:00,10:00,18:00,10:00,18:00,주류,남해군,055-860-3242,2021-03-29,5430000,경상남도 남해군
송정해수욕장 주차장,8,경상남도,남해군,,경상남도 남해군 미조면 송정리1131,34.7235513,128.0249358,1,0,2016-12-23,2021-12-30,연중무휴,10:00,18:00,10:00,18:00,00:00,00:00,00:00,00:00,00:00,00:00,00:00,00:00,00:00,00:00,00:00,00:00,00:00,00:00,00:00,00:00,00:00,00:00,00:00,00:00,00:00,00:00,00:00,00:00,주류,남해군,055-860-3242,2021-03-29,5430000,경상남도 남해군
서울혁신파크,08,서울특별시,은평구,서울특별시 은평구 통일로 684,서울특별시 은평구 녹번동 5-29,37.6094070491,126.9349538787,1,"년 1,826,770원",2017-03-14,2020-12-31,미운영,00:00,00:00,00:00,00:00,,,,,,,,,,,,,,,,,,,,,,,,,,서울특별시 은평구,02-351-8175,2020-07-31,3110000,서울특별시 은평구
경인아라뱃길 시천교,5,인천광역시,서구,,인천광역시 서구 시천동 158-11,,,4,"연 630,500원",2019-01-04,2021-01-03,연중무휴,10:00,22:00,10:00,22:00,10:00,20:00,10:00,20:00,10:00,22:00,10:00,22:00,10:00,22:00,10:00,22:00,10:00,22:00,10:00,22:00,10:00,22:00,10:00,22:00,10:00,20:00,10:00,20:00,주류,한국수자원공사 인천김포권지사,032-590-2252,2020-07-09,3560000,인천광역시 서구
양서친환경도서관 앞,8,경기도,양평군,,경기도 양평군 양서면 용담리 535-15,37.541986,127.323247,1,"연 127,470원",2017-08-01,2020-04-30,연중무휴,00:00,00:00,00:00,00:00,,,,,,,,,,,,,,,,,,,,,,,,,,양평군,031-770-2625,2020-12-21,4170000,경기도 양평군
우치공원,4,광주광역시,북구,광주광역시 북구 우치로 677(생용동),광주광역시 북구 생용동 90번지,35.22431388,126.8942421,1,"연40,640원",2020-04-19,2022-06-25,연중무휴,10:00,18:00,10:00,18:00,10:00,18:00,10:00,18:00,10:00,18:00,10:00,18:00,10:00,18:00,10:00,18:00,10:00,18:00,10:00,18:00,10:00,18:00,10:00,18:00,10:00,18:00,10:00,18:00,주류+컵라면,광주광역시 우치공원,062-613-5860,2020-12-20,3620000,광주광역시 북구
청양공설운동장,8,충청남도,청양군,충청남도 청양군 청양읍 청산로 257-19,충청남도 청양군 청양읍 백천리 산 69-5,36.4616217314,126.8115764410,1,"연 6,380원",2020-07-01,2021-06-30,연중무휴,00:00,00:00,00:00,00:00,,,,,,,,,,,,,,,,,,,,,,,,,,충청남도 청양군,041-940-2184,2020-12-21,4590000,충청남도 청양군
칠갑산오토캠핑장,8,충청남도,청양군,충청남도 청양군 대치면 까치내로 710,충청남도 청양군 대치면 작천리 30-29,36.39572454,126.863183,1,"연 21,120원",2020-07-01,2021-06-30,연중무휴,00:00,00:00,00:00,00:00,,,,,,,,,,,,,,,,,,,,,,,,,,충청남도 청양군,041-940-2184,2020-12-21,4590000,충청남도 청양군
청양군민체육관,8,충청남도,청양군,충청남도 청양군 청양읍 충절로 1204,충청남도 청양군 청양읍 송방리 371,36.45368677,126.7946154,1,"연 84,420원",2020-07-01,2021-06-30,연중무휴,00:00,00:00,00:00,00:00,,,,,,,,,,,,,,,,,,,,,,,,,,충청남도 청양군,041-940-2184,2020-12-21,4590000,충청남도 청양군
치즈체험장,8,충청남도,청양군,충청남도 청양군 비봉면 여사길 18-17,충청남도 청양군 비봉면 양사리 산 99,36.48953279,126.7587885124,1,0,2018-08-01,2023-07-31,연중무휴,00:00,00:00,00:00,00:00,,,,,,,,,,,,,,,,,,,,,,,,,,충청남도 청양군,041-940-2184,2020-12-21,4590000,충청남도 청양군
동해시웰빙스포츠타운 일원,3,강원도,동해시,강원도 동해시 덕골길 10(천곡동),강원도 동해시 천곡동 363-1,37.51606095,129.1021986,0,"월 800,000원",2016-11-01,2017-01-31,토요일+일요일+공휴일,09:00,20:00,10:00,21:00,10:00,19:00,10:00,19:00,10:00,19:00,10:00,19:00,10:00,20:00,10:00,20:00,10:00,21:00,10:00,21:00,09:00,20:00,09:00,20:00,10:00,19:00,10:00,19:00,병입 음료,동해시,033-530-2122,2020-12-22,4210000,강원도 동해시
포항운전면허시험장,99,15,포항시,경상북도 포항시 남구 오천읍 냉천로 656,경상북도 포항시 남구 오천읍 문덕리 1036-6,35.9423187355,129.3929024188,0,0,2017-11-27,2018-11-01,연중무휴,10:00,22:00,10:00,22:00,,,,,,,,,,,,,,,,,,,,,,,,,,포항시 남구청,054-270-6186,2019-08-02,5020000,경상북도 포항시
포항종합공설운동장일대,03,15,포항시,경상북도 포항시 남구 희망대로 810(대도동),경상북도 포항시 남구 대도동 313-1,36.0083981310,129.3628911843,1,0,2017-11-12,2017-11-13,연중무휴,10:00,22:00,10:00,22:00,,,,,,,,,,,,,,,,,,,,,,,,,,포항시 남구청,054-270-6186,2019-08-02,5020000,경상북도 포항시
형산강변 연일대교 하단 일원,99,15,포항시,경상북도 포항시 남구 형산강남로,경상북도 포항시 남구 연일읍 생지리 459-3,36.0000678897,129.3460814314,0,0,2017-10-20,2017-10-22,연중무휴,10:00,22:00,10:00,22:00,,,,,,,,,,,,,,,,,,,,,,,,,,포항시 남구청,054-270-6186,2019-08-02,5020000,경상북도 포항시
백양공원,04,02,북구,부산광역시 북구 은행나무로 26,부산광역시 북구 만덕동 843,35.2072432019,129.037795495,1,년 141570,2017-04-01,2019-03-31,연중무휴,10:00,18:00,10:00,18:00,10:00,18:00,10:00,18:00,10:00,18:00,10:00,18:00,10:00,18:00,10:00,18:00,10:00,18:00,10:00,18:00,10:00,18:00,10:00,18:00,10:00,18:00,10:00,18:00,주류,부산광역시 북구,051-309-2051,2018-10-18,3320000,부산광역시 북구
사적지 제229호 충의사 주차장,2,충청남도,예산군,충청남도 예산군 덕산면 덕산온천로 183-5,충청남도 예산군 덕산면 시량리 61-4,36.68653715,126.651381,,0,2017-03-15,2099-12-31,연중무휴,00:00,12:00,00:00,12:00,,,,,,,,,,,,,,,,,,,,,,,,,,충청남도 예산군,041-339-7482,2020-09-22,4610000,충청남도 예산군
유형문화재 제43호 추사고택 주차장,2,충청남도,예산군,충청남도 예산군 신암면 추사고택로 261,충청남도 예산군 신암면 용궁리 산 73-22,36.74693565,126.7984593,,0,2017-03-15,2099-12-31,연중무휴,00:00,12:00,00:00,12:00,,,,,,,,,,,,,,,,,,,,,,,,,,충청남도 예산군,041-339-7482,2020-09-22,4610000,충청남도 예산군
예당관광지 주차장,2,충청남도,예산군,충청남도 예산군 응봉면 예당관광로 160,충청남도 예산군 응봉면 후사리 88,36.63757893,126.7994751,,0,2017-03-15,2099-12-31,연중무휴,00:00,12:00,00:00,12:00,,,,,,,,,,,,,,,,,,,,,,,,,,충청남도 예산군,041-339-7482,2020-09-22,4610000,충청남도 예산군
의좋은형제공원 주차장,2,충청남도,예산군,충청남도 예산군 대흥면 예당로 885,충청남도 예산군 대흥면 동서리 82-4,36.60826625,126.7918293,,0,2017-03-15,2099-12-31,연중무휴,00:00,12:00,00:00,12:00,,,,,,,,,,,,,,,,,,,,,,,,,,충청남도 예산군,041-339-7482,2020-09-22,4610000,충청남도 예산군
덕산도립공원 수덕사 주차장,4,충청남도,예산군,충청남도 예산군 덕산면 수덕사안길 33-16,충청남도 예산군 덕산면 사천리 25-36,36.65581805,126.6207305,,0,2017-03-15,2099-12-31,연중무휴,00:00,12:00,00:00,12:00,,,,,,,,,,,,,,,,,,,,,,,,,,충청남도 예산군,041-339-7482,2020-09-22,4610000,충청남도 예산군
무한천체육공원 주차장,4,충청남도,예산군,도로명 주소 없음,충청남도 예산군 예산읍 산성리 435-2,36.685274,126.822371,,0,2017-03-15,2099-12-31,연중무휴,00:00,12:00,00:00,12:00,,,,,,,,,,,,,,,,,,,,,,,,,,충청남도 예산군,041-339-7482,2020-09-22,4610000,충청남도 예산군
국립공주대학교 산업과학대학 주차장,6,충청남도,예산군,충청남도 예산군 예산읍 대학로 54,충청남도 예산군 예산읍 대회리 1,36.66988834,126.8594141,,0,2017-03-15,2099-12-31,연중무휴,00:00,12:00,00:00,12:00,,,,,,,,,,,,,,,,,,,,,,,,,,충청남도 예산군,041-339-7482,2020-09-22,4610000,충청남도 예산군
봉수산자연휴양림(수목원) 주차장,2,충청남도,예산군,충청남도 예산군 대흥면 임존성길 153,충청남도 예산군 대흥면 상중리 산 11-1,36.59844872,126.7808937,,0,2019-06-17,2099-12-31,연중무휴,00:00,12:00,00:00,12:00,,,,,,,,,,,,,,,,,,,,,,,,,,충청남도 예산군,041-339-7482,2020-09-22,4610000,충청남도 예산군
예산황새공원 주차장,2,충청남도,예산군,충청남도 예산군 광시면 시목대리길 62-19,충청남도 예산군 광시면 대리 230,36.5426278,126.8022435,,0,2019-06-17,2099-12-31,연중무휴,00:00,12:00,00:00,12:00,,,,,,,,,,,,,,,,,,,,,,,,,,충청남도 예산군,041-339-7482,2020-09-22,4610000,충청남도 예산군
강진오감통,99,전라남도,강진군,전라남도 강진군 강진읍 오감길 2,,34.6391451580,126.7735554260,0,-,2018-10-01,2021-09-30,-,00:00,00:00,00:00,00:00,00:00,00:00,00:00,00:00,00:00,00:00,00:00,00:00,00:00,00:00,00:00,00:00,00:00,00:00,00:00,00:00,00:00,00:00,00:00,00:00,00:00,00:00,00:00,00:00,-,강진군청,061-430-3362,2021-02-05,4920000,전라남도 강진군
고려청자박물관,99,전라남도,강진군,전라남도 강진군 대구면 청자촌길 33,,34.5086620320,126.8008374078,0,-,2018-10-01,2021-09-30,-,00:00,00:00,00:00,00:00,00:00,00:00,00:00,00:00,00:00,00:00,00:00,00:00,00:00,00:00,00:00,00:00,00:00,00:00,00:00,00:00,00:00,00:00,00:00,00:00,00:00,00:00,00:00,00:00,-,강진군청,061-430-3732,2021-02-05,4920000,전라남도 강진군
시문학파기념관,99,전라남도,강진군,전라남도 강진군 강진읍 영랑생가길 14,,34.6422880024,126.7659602749,0,-,2018-10-01,2021-09-30,-,00:00,00:00,00:00,00:00,00:00,00:00,00:00,00:00,00:00,00:00,00:00,00:00,00:00,00:00,00:00,00:00,00:00,00:00,00:00,00:00,00:00,00:00,00:00,00:00,00:00,00:00,00:00,00:00,-,강진군청,061-430-3372,2021-02-05,4920000,전라남도 강진군
다산박물관,99,전라남도,강진군,전라남도 강진군 도암면 다산로 766-20,,34.5764119352,126.7499561025,0,-,2018-10-01,2021-09-30,-,00:00,00:00,00:00,00:00,00:00,00:00,00:00,00:00,00:00,00:00,00:00,00:00,00:00,00:00,00:00,00:00,00:00,00:00,00:00,00:00,00:00,00:00,00:00,00:00,00:00,00:00,00:00,00:00,-,강진군청,061-430-3912,2021-02-05,4920000,전라남도 강진군
강진군도서관,99,전라남도,강진군,전라남도 강진군 강진읍 남문길 10,,34.6405086976,126.7697200500,0,-,2018-10-01,2021-09-30,-,00:00,00:00,00:00,00:00,00:00,00:00,00:00,00:00,00:00,00:00,00:00,00:00,00:00,00:00,00:00,00:00,00:00,00:00,00:00,00:00,00:00,00:00,00:00,00:00,00:00,00:00,00:00,00:00,-,강진군청,061-430-3832,2021-02-05,4920000,전라남도 강진군
강진군아트홀,99,전라남도,강진군,전라남도 강진군 강진읍 영랑로1길 9,,34.6381752709,126.7704992252,0,-,2018-10-01,2021-09-30,-,00:00,00:00,00:00,00:00,00:00,00:00,00:00,00:00,00:00,00:00,00:00,00:00,00:00,00:00,00:00,00:00,00:00,00:00,00:00,00:00,00:00,00:00,00:00,00:00,00:00,00:00,00:00,00:00,-,강진군청,061-430-3972,2021-02-05,4920000,전라남도 강진군
병지방계곡,2,강원도,횡성군,,강원도 횡성군 갑천면 병지방리 530,,,1,0,2017-03-15,2022-02-12,연중무휴,00:00,23:59,00:00,23:59,,,,,,,,,,,,,,,,,,,,,,,,,,횡성군,033-340-5693,2020-10-13,4260000,강원도 횡성군
산격대교 인근 축제장,99,대구광역시,북구,,대구광역시 북구 산격동 677-3,,,,0,2017-09-23,2017-09-24,비정기적+우천시휴무,00:00,00:00,00:00,00:00,,,,,,,,,,,,,,,,,,,,,,,,,,대구광역시 북구 위생과,053-665-2754,2020-10-13,3450000,대구광역시 북구
북구청광장,8,대구광역시,북구,대구광역시 북구 옥산로 65(침산동),,35.8856842974,128.5827801617,,0,2017-10-13,2017-10-13,비정기적+우천시휴무,00:00,00:00,00:00,00:00,,,,,,,,,,,,,,,,,,,,,,,,,,대구광역시 북구 위생과,053-665-2754,2020-10-13,3450000,대구광역시 북구
노작호수공원,4,경기도,화성시,경기도 화성시 석우동 63번지 1호 노작호수공원,경기도 화성시 석우동 63번지 1호 노작호수공원,37.20627225,127.0802263,1,자료없음,2017-09-12,2019-12-31,자료없음,09:00,23:59,09:00,23:59,,,,,,,,,,,,,,,,,,,,,,,,,,화성시청,031-369-2233,2020-06-01,5530000,경기도 화성시
남양근린공원,4,경기도,화성시,경기도 화성시 남양읍 남양리 2060번지 푸드트럭,경기도 화성시 남양읍 남양리 2060번지 푸드트럭,37.20201847,,1,자료없음,2017-10-26,2019-07-26,자료없음,09:00,23:59,09:00,23:59,,,,,,,,,,,,,,,,,,,,,,,,,,화성시청,031-369-2233,2020-06-01,5530000,경기도 화성시
동학산근린공원,4,경기도,화성시,경기도 화성시 석우동 29번지 3호 동학산근린공원 내,경기도 화성시 석우동 29번지 3호 동학산근린공원 내,37.22046464,127.0785845,1,자료없음,2017-09-12,2019-12-31,자료없음,09:00,23:59,09:00,23:59,,,,,,,,,,,,,,,,,,,,,,,,,,화성시청,031-369-2233,2020-06-01,5530000,경기도 화성시
다람산근린공원,4,경기도,화성시,경기도 화성시 병점중앙로 229,경기도 화성시 진안동 123-2번지 다람산근린공원,37.2173701985,127.0336057796,1,자료없음,2017-09-12,2019-12-31,자료없음,09:00,23:59,09:00,23:59,,,,,,,,,,,,,,,,,,,,,,,,,,화성시청,031-369-2233,2020-06-01,5530000,경기도 화성시
장안휴게소,7,경기도,화성시,경기도 화성시 장안면 평택시흥고속도로 7,경기도 화성시 장안면 어은리 산53-1번지 장안휴게소,37.09250707,126.8447422993,1,자료없음,2017-01-23,2019-01-15,자료없음,09:00,23:59,09:00,23:59,,,,,,,,,,,,,,,,,,,,,,,,,,화성시청,031-369-2233,2020-06-01,5530000,경기도 화성시
수원대학교,6,경기도,화성시,경기도 화성시 정남면 세자로 288,경기도 화성시 정남면 보통리 141-44번지 수원과학대학교 및 수원대학교 교내,37.1920328913,126.9839265343,1,자료없음,2018-03-26,2018-08-31,자료없음,09:00,23:59,09:00,23:59,,,,,,,,,,,,,,,,,,,,,,,,,,화성시청,031-369-2233,2020-06-01,5530000,경기도 화성시
푸드트럭허가구역,3,전라남도,완도군,완도군 완도읍 개포로111,,34.316104,126.741107,,"36,080원",2020-01-01,2021-12-31,연중무휴,00:00,00:00,00:00,00:00,,,,,,,,,,,,,,,,,,,,,,,,,,체육진흥과(시설관리운영팀),061-550-5437,2020-08-07,4990000,전라남도 완도군
곤지암도자기공원,2,경기도,광주시,경기도 광주시 곤지암읍 경충대로 727,,37.35028421,127.3347877,5,0,2018-04-17,2019-12-31,연중무휴,09:00,18:00,09:00,18:00,,,,,,,,,,,,,,,,,,,,,,,,,,경기도 광주시청,031-760-2839,2020-09-25,5540000,경기도 광주시
곤지암팀업캠퍼스,99,경기도,광주시,경기도 광주시 곤지암읍 경충대로 729,경기도 광주시 곤지암읍 삼리 430,37.35249195,127.3237004,2,0,2018-11-19,2022-07-30,연중무휴,00:00,00:00,00:00,00:00,,,,,,,,,,,,,,,,,,,,,,,,,,경기도 광주시청,031-760-2839,2020-09-25,5540000,경기도 광주시
광주시청,99,경기도,광주시,경기도 광주시 행정타운로 50,경기도 광주시 송정동 570,37.42928622,127.2550706,1,0,2017-09-09,2017-09-09,연중무휴,00:00,00:00,00:00,00:00,,,,,,,,,,,,,,,,,,,,,,,,,,경기도 광주시청,031-760-2839,2020-09-25,5540000,경기도 광주시
청석공원,5,경기도,광주시,,경기도 광주시 쌍령동 242,37.40205984,127.2728194,1,0,2016-09-05,2018-12-31,연중무휴,00:00,00:00,00:00,00:00,,,,,,,,,,,,,,,,,,,,,,,,,,경기도 광주시청,031-760-2839,2020-09-25,5540000,경기도 광주시
푸드트럭존,5,경상북도,영덕군,,경상북도 영덕군 축산면 축산리 944-7,,,1,"10,100원",2017-08-31,2019-08-30,연중무휴,09:00,18:00,09:00,20:00,09:00,17:00,09:00,17:00,09:00,18:00,09:00,18:00,09:00,18:00,09:00,19:00,09:00,19:00,09:00,19:00,09:00,19:00,09:00,18:00,09:00,18:00,09:00,18:00,주류,경상북도 영덕군청,054-730-6172,2020-07-15,5180000,경상북도 영덕군
푸드트럭존,5,경상북도,영덕군,,경상북도 영덕군 축산면 축산리 944-7,,,1,"10,100원",2017-11-06,2019-11-05,연중무휴,09:00,18:00,09:00,20:00,09:00,17:00,09:00,17:00,09:00,18:00,09:00,18:00,09:00,18:00,09:00,19:00,09:00,19:00,09:00,19:00,09:00,19:00,09:00,18:00,09:00,18:00,09:00,18:00,주류,경상북도 영덕군청,054-730-6172,2020-07-15,5180000,경상북도 영덕군
푸드트럭존,99,경상북도,영덕군,,경상북도 영덕군 영덕읍 창포리 113-1,,,1,"47,000원",2017-09-14,2019-09-13,연중무휴,09:00,18:00,09:00,20:00,09:00,17:00,09:00,17:00,09:00,18:00,09:00,18:00,09:00,18:00,09:00,19:00,09:00,19:00,09:00,19:00,09:00,19:00,09:00,18:00,09:00,18:00,09:00,18:00,주류,경상북도 영덕군청,054-730-6172,2020-07-15,5180000,경상북도 영덕군
푸드트럭존,99,경상북도,영덕군,,경상북도 영덕군 영덕읍 창포리 328-1,,,1,"173,910원",2017-11-29,2019-09-13,연중무휴,09:00,18:00,09:00,20:00,09:00,17:00,09:00,17:00,09:00,18:00,09:00,18:00,09:00,18:00,09:00,19:00,09:00,19:00,09:00,19:00,09:00,19:00,09:00,18:00,09:00,18:00,09:00,18:00,주류,경상북도 영덕군청,054-730-6172,2020-07-15,5180000,경상북도 영덕군
상림고운광장,4,경상남도,함양군,,경상남도 함양군 함양읍 교산리 1041,35.52532597,127.721763,1,"년9,400원",2016-10-10,2019-10-31,연중무휴,09:00,21:00,09:00,21:00,10:00,19:00,10:00,19:00,10:00,19:00,09:00,21:00,09:00,21:00,09:00,21:00,09:00,21:00,09:00,21:00,09:00,21:00,09:00,21:00,09:00,21:00,10:00,19:00,없음,경상남도 함양군,055-960-6160,2020-09-22,5460000,경상남도 함양군
함평공영주차장 내(현재 미운영),02,전라남도,함평군,전라남도 함평군 함평읍 기각리 994-12,전라남도 함평군 함평읍 기각리 994-12,,,1,"연161,920원",2016-12-16,2018-12-15,미운영,00:00,00:00,00:00,00:00,,,,,,,,,,,,,,,,,,,,,,,,,,함평군,061-320-1644,2020-09-22,4960000,전라남도 함평군
왕송호수공원,4,경기도,의왕시,,경기도 의왕시 초평동 278번지 9호 왕송호수공원 내,,,1,"년 33,290원",2016-12-20,2019-12-14,월요일+화요일+수요일+목요일+금요일,00:00,00:00,10:00,19:00,,,,,,,,,,,,,,,,,,,,,,,,,,의왕시,031-345-2821,2020-11-19,4030000,경기도 의왕시
왕송호수공원,4,경기도,의왕시,,경기도 의왕시 초평동 278번지 9호 왕송호수공원 내,,,1,"년 33,290원",2016-12-05,2019-12-04,월요일+화요일+수요일+목요일+금요일,00:00,00:00,10:00,19:00,,,,,,,,,,,,,,,,,,,,,,,,,,의왕시,031-345-2821,2020-11-19,4030000,경기도 의왕시
의왕시청,8,경기도,의왕시,"경기도 의왕시 시청로 11 (고천동, 의왕시청)",경기도 의왕시 고천동 171번지 의왕시청,37.3453180672,126.9679890624,1,"년 349,910원",2017-03-20,2018-08-31,월요일+화요일+수요일+목요일+금요일,00:00,00:00,10:00,19:00,,,,,,,,,,,,,,,,,,,,,,,,,,의왕시,031-345-2821,2020-11-19,4030000,경기도 의왕시
청계TG졸음쉼터,7,경기도,의왕시,"경기도 의왕시 안양판교로 476 (청계동, 서울외곽고속도로 청계TG졸음쉼터 내)",경기도 의왕시 청계동 산 8번지 18호 서울외곽고속도로 청계TG졸음쉼터 내,37.3932701093,127.0223095918,1,"월 100,000원",2018-02-23,2019-02-28,연중무휴,08:00,19:00,08:00,19:00,,,,,,,,,,,,,,,,,,,,,,,,,,의왕시,031-345-2821,2020-11-19,4030000,경기도 의왕시
청계산 공영주차장,99,경기도,의왕시,,경기도 의왕시 청계동 77번지 청계산 공영주차장,,,1,"년 20,790원",2017-09-27,2018-12-31,월요일+화요일+수요일+목요일+금요일,00:00,00:00,10:00,19:00,,,,,,,,,,,,,,,,,,,,,,,,,,의왕시,031-345-2821,2020-11-19,4030000,경기도 의왕시
엑스포시민광장,4,대전광역시,서구,대전광역시 서구 둔산대로 169,대전광역시 서구 만년동 396,36.3664685709,127.3880153885,4,0,2017-12-15,2018-02-18,연중무휴,10:00,20:00,10:00,20:00,10:00,20:00,10:00,20:00,00:00,00:00,00:00,00:00,00:00,00:00,00:00,00:00,00:00,00:00,00:00,00:00,00:00,00:00,00:00,00:00,00:00,00:00,00:00,00:00,,대전광역시 서구 위생과,042-288-3332,2020-06-30,3660000,대전광역시 서구
신탄진 졸음쉼터,7,대전광역시,대덕구,대전광역시 대덕구 상서동 산 66-11,,,,,0,2020-04-01,2021-03-31,연중무휴,08:00,19:00,08:00,19:00,,,,,,,,,,,,,,,,,,,,,,,,,,대전광역시 대덕구,042-608-6893,2020-04-29,3680000,대전광역시 대덕구
중문해수욕장주차장,2,제주특별자치도,서귀포시,,제주특별자치도 서귀포시 색달동 2950-23,,,1,0,2015-07-22,2020-07-15,연중무휴,00:00,23:59,00:00,23:59,,,,,,,,,,,,,,,,,,,,,,,,,,위생관리과,064-760-2423,2020-07-01,6520000,제주특별자치도 서귀포시
서귀포시시공원,99,제주특별자치도,서귀포시,,제주특별자치도 서귀포시 서홍동 696,,,1,70500원,2018-11-20,2020-10-31,연중무휴,00:00,23:59,00:00,23:59,,,,,,,,,,,,,,,,,,,,,,,,,,위생관리과,064-760-2423,2020-07-01,6520000,제주특별자치도 서귀포시
제2산록도로 광평교차로,99,제주특별자치도,서귀포시,,제주특별자치도 서귀포시 안덕면 동광리 산 28,,,1,14200원,2019-04-10,2021-04-01,연중무휴,00:00,23:59,00:00,23:59,,,,,,,,,,,,,,,,,,,,,,,,,,위생관리과,064-760-2423,2020-07-01,6520000,제주특별자치도 서귀포시
제주컨벤션센터광장,2,제주특별자치도,서귀포시,,제주특별자치도 서귀포시 중문동 2503,,,1,0,2015-06-09,2020-04-30,연중무휴,00:00,23:59,00:00,23:59,,,,,,,,,,,,,,,,,,,,,,,,,,위생관리과,064-760-2423,2020-07-01,6520000,제주특별자치도 서귀포시
천제연폭포주차장,2,제주특별자치도,서귀포시,,제주특별자치도 서귀포시 중문동 2232,33.2526765845,126.4183754156,1,0,2015-05-21,2020-04-30,연중무휴,00:00,23:59,00:00,23:59,,,,,,,,,,,,,,,,,,,,,,,,,,위생관리과,064-760-2423,2020-07-01,6520000,제주특별자치도 서귀포시
남조로 사려니숲길입구,99,제주특별자치도,서귀포시,,제주특별자치도 서귀포시 표선면 가시리 산 158-4,,,1,0,2019-03-26,2021-03-23,연중무휴,00:00,23:59,00:00,23:59,,,,,,,,,,,,,,,,,,,,,,,,,,위생관리과,064-760-2423,2020-07-01,6520000,제주특별자치도 서귀포시
남조로 사려니숲길입구,99,제주특별자치도,서귀포시,,제주특별자치도 서귀포시 표선면 가시리 산 158-4,,,1,0,2019-04-01,2021-03-23,연중무휴,00:00,23:59,00:00,23:59,,,,,,,,,,,,,,,,,,,,,,,,,,위생관리과,064-760-2423,2020-07-01,6520000,제주특별자치도 서귀포시
문화시설,03,전라남도,순천시,전라남도 순천시 환선로 133,전라남도 순천시 석현동 62-3,34.9676735966,127.4867525210,0,"314,250",2016-07-21,2016-07-21,0,00:00,00:00,00:00,00:00,00:00,00:00,00:00,00:00,00:00,00:00,00:00,00:00,00:00,00:00,00:00,00:00,00:00,00:00,00:00,00:00,00:00,00:00,00:00,00:00,00:00,00:00,00:00,,주류,자치혁신과,061-749-5597,2020-08-10,4820000,전라남도 순천시
유원시설,99,전라남도,순천시,전라남도 순천시 석현동 50-9,전라남도 순천시 석현동 50-9,34.9694132,127.4872612,1,"314,250",2018-04-20,2018-04-20,없음,10:00,20:00,10:00,20:00,10:00,20:00,10:00,20:00,10:00,20:00,,,,,,,,,,,,,,,,,,,주류,자치혁신과,061-749-5597,2020-08-10,4820000,전라남도 순천시
만안구청,8,경기도,안양시,경기도 안양시 만안구 안양로128,,37.3866427218,126.9324066057,1,"1,317,250",2018-05-30,2019-05-29,토요일+일요일+공휴일,09:00,18:00,00:00,00:00,,,,,,,,,,,,,,,,,,,,,,,,,,안양시,031-8045-2208,2020-08-11,3830000,경기도 안양시
안양종합운동장,3,경기도,안양시,경기도 안양시 동안구 평촌대로389,,37.4051455362,126.9452343077,8,매출액 15(VAT별도),2018-03-11,2018-09-30,평일,00:00,00:00,19:00,22:30,,,,,,,,,,,,,,,,,,,,,,,,,,안양시,031-8045-2208,2020-08-11,3830000,경기도 안양시
경인아라뱃길,5,인천광역시,계양구,,인천광역시 계양구 평동 23-12,,,,"연649,000원",2019-01-04,2021-01-03,연중무휴,10:00,21:00,10:00,21:00,,,,,,,,,,,,,,,,,,,,,,,,,,인천광역시 계양구,032-450-5426,2020-08-01,3550000,인천광역시 계양구
경인아라뱃길,5,인천광역시,계양구,,인천광역시 계양구 평동 23-12,,,,"연649,000원",2019-01-04,2021-01-03,연중무휴,10:00,21:00,10:00,21:00,,,,,,,,,,,,,,,,,,,,,,,,,,인천광역시 계양구,032-450-5426,2020-08-01,3550000,인천광역시 계양구
경인아라뱃길,5,인천광역시,계양구,,인천광역시 계양구 귤현동 396,,,,"연649,000원",2019-01-04,2021-01-03,연중무휴,10:00,21:00,10:00,21:00,,,,,,,,,,,,,,,,,,,,,,,,,,인천광역시 계양구,032-450-5426,2020-08-01,3550000,인천광역시 계양구
경인아라뱃길,5,인천광역시,계양구,,인천광역시 계양구 평동 23-12,,,,"연649,000원",2019-01-04,2021-01-03,연중무휴,10:00,21:00,10:00,21:00,,,,,,,,,,,,,,,,,,,,,,,,,,인천광역시 계양구,032-450-5426,2020-08-01,3550000,인천광역시 계양구
경인아라뱃길,5,인천광역시,계양구,,인천광역시 계양구 평동 23-12,,,,"연649,000원",2019-01-04,2021-01-03,연중무휴,10:00,21:00,10:00,21:00,,,,,,,,,,,,,,,,,,,,,,,,,,인천광역시 계양구,032-450-5426,2020-08-01,3550000,인천광역시 계양구
안산자락길 숲속카페,99,서울특별시,서대문구,,서울특별시 서대문구 현저동 107-399,,,1,무상,2020-03-20,2021-02-28,일요일 ~ 수요일,00:00,00:00,00:00,00:00,09:30,,,,,,,,,,,,,,,,,,,,,,,,주류,서대문구청 보건위생과,02-330-8951,2020-01-01,3120000,서울특별시 서대문구
여주종합운동장,03,경기도,여주시,경기도 여주시 영릉로 123,경기도 여주시 월송동 1,37.2932681617,127.6244654221,1,0,2016-04-01,2019-03-31,연중무휴,00:00,00:00,00:00,00:00,,,,,,,,,,,,,,,,,,,,,,,,,,여주시,031-887-2654,2020-07-17,5700000,경기도 여주시
여주프리미엄아울렛,99,경기도,여주시,경기도 여주시 명품로 360,경기도 여주시 상거동 460,37.2459480522,127.6123847586,10,0,2018-06-01,2018-08-31,계약일,00:00,00:00,00:00,00:00,,,,,,,,,,,,,,,,,,,,,,,,,,여주시,031-887-2654,2020-07-17,5700000,경기도 여주시
375st 여주아울렛,99,경기도,여주시,경기도 여주시 명품로 308-19,경기도 여주시 상거동 375-63,37.2430186886,127.6164003230,3,0,2018-07-21,2018-08-26,연중무휴,00:00,00:00,00:00,00:00,,,,,,,,,,,,,,,,,,,,,,,,,,여주시,031-887-2654,2020-07-17,5700000,경기도 여주시
당항포관광지,02,경상남도,고성군,경상남도 고성군 회화면 당항만로 1116,경상남도 고성군 회화면 봉동리 950-1,35.0532261508,128.3920276219,1,0,2015-10-20,2018-10-19,연중무휴,09:00,18:00,09:00,18:00,,,,,,,,,,,,,,,,,,,,,,,,,,경상남도 고성군,055-670-4504,2020-07-10,5420000,경상남도 고성군
자라섬캠핑장,01,09,가평군,경기도 가평군 가평읍 자라섬로 60,경기도 가평군 가평읍 달전리 산 7번지,,,1,"년 15,179,000원",2015-06-08,2020-06-07,연중무휴,11:00,18:00,10:00,20:00,,,,,,,,,,,,,,,,,,,,,,,,,,가평군,031-580-2231,2019-09-05,4160000,경기도 가평군
진부전통시장,99,강원도,평창군,,강원도 평창군 진부면 하진부리 140,37.63780046,128.5584801,,0,2020-04-24,2030-12-31,3일+8일+13일+18일+23일+28일,09:00,19:00,09:00,19:00,09:00,19:00,09:00,19:00,09:00,19:00,09:00,19:00,09:00,19:00,09:00,19:00,09:00,19:00,09:00,19:00,09:00,19:00,09:00,19:00,09:00,19:00,09:00,19:00,주류,평창군,033-330-2314,2020-11-25,4280000,강원도 평창군
의림지 공영주차장,2,충청북도,제천시,충청북도 제천시 모산동 210번지 공영주차장,충청북도 제천시 모산동 210(공영주차장),37.1758154,128.2114765,2,"연187,570",2019-06-08,2021-06-07,연중무휴,00:00,23:59,00:00,23:59,,,,,,,,,,,,,,,,,,,,,,,,,식품위생법 시행령 제21조 제8호 가목의 휴게음식점영업 또는 같은 호 바목의 제과점영업 외,제천시청,043-641-3182,2020-12-06,4400000,충청북도 제천시
숭덕재활원,99,충청북도,충주시,충청북도 충주시 도장관주로 34-12(호암동),,36.9505150257,127.9216275285,1,0,2019-11-27,2024-11-26,일정하지않음,10:00,18:00,10:00,18:00,10:00,18:00,10:00,18:00,10:00,18:00,10:00,18:00,10:00,18:00,10:00,18:00,10:00,18:00,10:00,18:00,10:00,18:00,10:00,18:00,10:00,18:00,10:00,18:00,주류,충주시청 위생과,043-850-3472,2020-11-30,4390000,충청북도 충주시
평택-제천선 중앙탑 졸음쉼터 내,7,충청북도,충주시,,충청북도 충주시 중앙탑면 하구암리 352-3,,,1,0,2019-12-02,2021-01-18,없음,08:00,19:00,08:00,19:00,08:00,19:00,08:00,19:00,08:00,19:00,08:00,19:00,08:00,19:00,08:00,19:00,08:00,19:00,08:00,19:00,08:00,19:00,08:00,19:00,08:00,19:00,08:00,19:00,주류,충주시청 위생과,043-850-3472,2020-11-30,4390000,충청북도 충주시
이순신공원,2,경상남도,통영시,,경상남도 통영시 정량동 685-2,34.84425936,128.4419451,3,"년 1,700원",2019-10-24,2021-09-12,연중무휴,09:00,18:00,09:00,18:00,09:00,18:00,09:00,18:00,09:00,18:00,09:00,18:00,09:00,18:00,09:00,18:00,09:00,18:00,09:00,18:00,09:00,18:00,09:00,18:00,09:00,18:00,09:00,18:00,,경상남도 통영시,055-650-6023,2020-12-03,5330000,경상남도 통영시
봉산면서부로,99,경상남도,합천군,경상남도 합천군 봉산면 서부로 4287,경상남도 합천군 봉산면 김봉리 349-9,35.623625,128.039857,1,0,2020-03-23,2021-12-31,토요일+일요일,00:00,00:00,00:00,00:00,,,,,,,,,,,,,,,,,,,,,,,,,,합천군청,055-930-3317,2020-12-03,5480000,경상남도 합천군
상무시민공원,4,광주광역시,서구,광주광역시 서구 상무공원로 101,광주광역시 서구 치평동 1162,35.15339511,126.8410975,1,109690,2017-05-09,2019-05-08,없음,10:00,19:00,10:00,19:00,10:00,17:00,10:00,17:00,10:00,19:00,10:00,19:00,10:00,19:00,10:00,21:00,10:00,21:00,10:00,21:00,10:00,21:00,10:00,19:00,10:00,17:00,10:00,17:00,영업신고 외 품목 판매금지,광주광역시 서구청,062-360-7724,2020-09-25,3600000,광주광역시 서구
풍암호수공원,4,광주광역시,서구,,광주광역시 서구 풍암동 491-3,35.126653,126.868935,1,52660,2019-05-15,2021-05-14,없음,10:00,19:00,10:00,19:00,10:00,17:00,10:00,17:00,10:00,19:00,10:00,19:00,10:00,19:00,10:00,21:00,10:00,21:00,10:00,21:00,10:00,21:00,10:00,19:00,10:00,17:00,10:00,17:00,영업신고 외 품목 판매금지,광주광역시 서구청,062-360-7726,2020-09-25,3600000,광주광역시 서구
황룡친수공원,4,광주광역시,광산구,,광주광역시 광산구 선암동 214-4,,,1,"월 약 43,520원",2020-06-10,2022-06-09,연중무휴,10:00,19:00,10:00,19:00,10:00,17:00,10:00,17:00,10:00,19:00,10:00,19:00,10:00,19:00,10:00,19:00,10:00,19:00,10:00,19:00,10:00,19:00,10:00,19:00,10:00,17:00,10:00,17:00,주류(음주행위제한),광산구,062-960-8784,2020-07-27,3630000,광주광역시 광산구
"서서울톨게이트,(서울방향)졸음쉼터 내",07,경기도,안산시 상록구,,"경기도 안산시 상록구 장하동 산 8-1,서서울톨게이트 서울방향",37.357642,126.8650475,1,0,2017-12-15,2018-12-14,연중무휴,00:00,00:00,00:00,00:00,,,,,,,,,,,,,,,,,,,,,,,,,,상록구청 환경위생과,031-481-5235,2020-01-01,3930000,경기도 안산시
선문대학교 내,1,충청남도,아산시,충청남도 아산시 탕정면 선문로221번길 70,,36.8010412576,127.0757328350,1,0,2019-07-15,2020-07-14,토요일+일요일+공휴일,10:00,17:00,00:00,00:00,,,,,,,,,,,,,,,,,,,,,,,,,,아산시,041-540-2109,2020-10-15,4520000,충청남도 아산시
"서서울톨게이트,(목포방향)졸음쉼터 내",07,경기도,안산시 상록구,"경기도 안산시 상록구 장하로 141-2, 서서울TG(목포)졸음쉼터 내 (장하동)","경기도 안산시 상록구 장하동 151,서서울TG(목포)졸음쉼터 내",37.3549176,126.8619896,1,0,2017-12-15,2018-12-14,연중무휴,00:00,00:00,00:00,00:00,,,,,,,,,,,,,,,,,,,,,,,,,,상록구청 환경위생과,031-481-5235,2020-01-01,3930000,경기도 안산시
단원구노인복지관,08,경기도,안산시 단원구,"경기도 안산시 단원구 선부광장1로 134, 단원구노인복지관 주차장 좌측 일부 (선부동)",경기도 안산시 단원구 선부동 1077-9,37.3322685415,126.8105841,,0,2018-03-09,2099-12-31,토요일+일요일+공휴일,09:00,18:00,00:00,00:00,,,,,,,,,,,,,,,,,,,,,,,,,,단원구청 환경위생과,031-481-6235,2020-01-01,3930000,경기도 안산시
영남이공대학교 기계공학관 맞은편 공터,6,대구광역시,남구,대구광역시 남구 현충로 170,대구광역시 남구 대명동 317-1,35.84767574,128.5841726,1,0,2018-03-02,2018-12-15,연중무휴,11:00,14:00,00:00,00:00,,,,,11:00,14:00,11:00,14:00,11:00,14:00,11:00,14:00,,,11:00,14:00,11:00,14:00,11:00,14:00,11:00,14:00,11:00,14:00,,대구시남구청,053-664-2765,2020-09-07,3440000,대구광역시 남구
대구 남구 대덕문화전당 주차장 내,8,대구광역시,남구,대구광역시 남구 앞산순환로 478,대구광역시 남구 대명동 산201-4,35.83129333,128.5769704,2,0,2019-05-01,2019-05-05,연중무휴,10:00,16:00,00:00,00:00,,,,,,,,,10:00,16:00,,,,,,,,,,,,,,,,대구시남구청,053-664-2765,2020-09-07,3440000,대구광역시 남구
자연학습공원,4,경기도,의왕시,"경기도 의왕시 왕송못동로 307 (월암동, 자연학습공원 내)",경기도 의왕시 월암동 543번지 3호 자연학습공원 내,37.3071076256,126.9531457731,1,"년 39,930원",2016-07-07,2018-07-06,월요일+화요일+수요일+목요일+금요일,00:00,00:00,10:00,19:00,,,,,,,,,,,,,,,,,,,,,,,,,,의왕시,031-345-2821,2020-11-19,4030000,경기도 의왕시
인천가족공원,4,인천광역시,부평구,"인천광역시 부평구 평온로 61, 인천가족공원 승화원 내 푸드트럭 지정장소 (부평동)",,37.4774802146,126.7167686974,1,"월 234,075",2020-05-01,2020-10-31,연중무휴,06:00,16:00,06:00,16:00,,,,,,,,,,,,,,,,,,,,,,,,,,인천시설공단,032-456-2344,2020-04-29,3540000,인천광역시 부평구
아일랜드캐슬 워터파크,1,경기도,의정부시,경기도 의정부시 장곡로 22,경기도 의정부시 장암동 135,37.7069486,127.0533857858,,-,2019-08-01,2023-06-30,"1월~5월, 9월~12월",10:00,18:00,10:00,18:00,00:00,00:00,00:00,00:00,00:00,00:00,00:00,00:00,00:00,00:00,10:00,18:00,10:00,18:00,10:00,18:00,00:00,00:00,00:00,00:00,00:00,00:00,00:00,00:00,스낵류,의정부시,031-828-2944,2020-07-10,3820000,경기도 의정부시
칠곡군,1,경상북도,칠곡군,,경상북도 칠곡군 석적읍 중지리 552,36.018344,128.401163,1,"년51,040원",2017-03-30,2021-03-07,없음,10:00,23:00,10:00,23:00,,,,,,,,,,,,,,,,,,,,,,,,,,칠곡군,054-979-6674,2020-07-01,5220000,경상북도 칠곡군
강촌레일파크푸드,01,강원도,춘천시,,강원도 춘천시 남산면 강촌리 산 1,,,1,"40,000",2019-05-20,2021-05-20,연중무휴,09:00,18:00,09:00,18:00,,,,,,,,,,,,,,,,,,,,,,,,,,춘천시,033-250-4511,2020-07-01,4180000,강원도 춘천시
치요남치킨강촌점,01,강원도,춘천시,,강원도 춘천시 남면 가정리 908,,,1,"300,000",2019-08-23,2020-08-31,연중무휴,09:00,18:00,09:00,18:00,,,,,,,,,,,,,,,,,,,,,,,,,,춘천시,033-250-4511,2020-07-01,4180000,강원도 춘천시
관악구민종합체육센터,3,서울특별시,관악구,서울특별시 관악구 봉천동 낙성대로3길 37 관악구민종합체육센터,서울특별시 관악구 봉천동 225,37.473014,126.960306,1,시간당 45원,2019-04-15,2020-04-14,토요일+일요일,11:00,18:00,00:00,00:00,,,,,,,,,,,,,,,,,,,,,,,,,,서울특별시 관악구청,02-879-5746,2021-03-10,3200000,서울특별시 관악구
(코로나19로 잠정 운영 중단)이천농업테마공원 공원부지,99,경기도,이천시,경기도 이천시 모가면 공원로 48,경기도 이천시 모가면 어농리 871-3,37.17960623,127.4453047,2,"년 127,820원",2022-04-20,2024-04-20,평일,09:00,17:00,09:00,17:00,09:00,17:00,09:00,17:00,09:00,17:00,09:00,17:00,09:00,17:00,09:00,17:00,09:00,17:00,09:00,17:00,09:00,17:00,09:00,17:00,09:00,17:00,09:00,17:00,계약서 상 명기된 품목 이외의 모든 품목,이천시시설관리공단,031-632-6607,2021-03-31,B553081,이천시시설관리공단
순천향대학교 내,1,충청남도,아산시,충청남도 아산시 남부로 370-24,,36.7681453,127.0207236303,2,120000,2019-05-21,2019-05-22,경기없는날,00:00,00:00,17:00,22:00,,,,,,,,,,,,,,,,,,,,,,,,,,아산시,041-540-2109,2020-10-15,4520000,충청남도 아산시
온양온천시장 이벤트광장(푸드트럭존),1,충청남도,아산시,,충청남도 아산시 온천동 46-3 (온양온천시장 이벤트광장),36.7836861152,127.0015099169,8,"737,600",2020-01-01,2020-12-31,없음,10:00,20:00,10:00,20:00,,,,,,,,,,,,,,,,,,,,,,,,,,아산시,041-540-2109,2020-10-15,4520000,충청남도 아산시
푸드트럭허가구역,1,전라남도,장흥군,,전라남도 장흥군 장흥읍 예양리 197-1,34.67887939,126.903591,1,0,2019-04-16,2021-03-31,우천시,11:00,19:00,11:00,19:00,11:00,19:00,11:00,19:00,11:00,19:00,11:00,19:00,11:00,19:00,11:00,19:00,11:00,19:00,11:00,19:00,11:00,19:00,11:00,19:00,11:00,19:00,11:00,19:00,주류,장흥군보건소,061-860-6454,2020-10-27,4910000,전라남도 장흥군
춘향골체육공원,3,전라북도,남원시,전라북도 남원시 충정로 341,전라북도 남원시 월락동 248,35.43086752,127.4054607,1,"165,000",2018-09-05,2020-09-08,연중무휴,09:00,18:00,09:00,18:00,09:00,18:00,09:00,18:00,09:00,18:00,09:00,18:00,09:00,18:00,09:00,18:00,09:00,18:00,09:00,18:00,09:00,18:00,09:00,18:00,09:00,18:00,09:00,18:00,없음,남원시청교육체육과,063-620-5619,2020-10-28,4700000,전라북도 남원시
독봉산웰빙공원,04,경상남도,거제시,,경상남도 거제시 상동동 1005-17,,,4,119595/59730,2016-12-12,2021-03-04,사정에 따라 다름,00:00,23:59,00:00,23:59,,,,,,,,,,,,,,,,,,,,,,,,,,거제시청,055-639-3984,2020-07-31,5370000,경상남도 거제시
지세포친수공간,04,경상남도,거제시,,경상남도 거제시 일운면 소동리 457-10,34.8391865,128.7012365,4,40830,2018-04-10,2021-03-04,사정에 따라 다름,00:00,23:59,00:00,23:59,,,,,,,,,,,,,,,,,,,,,,,,,,거제시청,055-639-3984,2020-07-31,5370000,경상남도 거제시
거제시보건소,99,경상남도,거제시,경상남도 거제시 수양로 506,경상남도 거제시 양정동 981,34.89168827,128.6365616,4,116540,2018-04-10,2021-03-04,사정에 따라 다름,00:00,23:59,00:00,23:59,,,,,,,,,,,,,,,,,,,,,,,,,,거제시청,055-639-3984,2020-07-31,5370000,경상남도 거제시
거제시청,99,경상남도,거제시,경상남도 거제시 계룡로 125,경상남도 거제시 고현동 717,34.88052883,128.6208143,4,103570,2018-04-10,2021-03-04,사정에 따라 다름,00:00,23:59,00:00,23:59,,,,,,,,,,,,,,,,,,,,,,,,,,거제시청,055-639-3984,2020-07-31,5370000,경상남도 거제시
북서울꿈의숲,4,서울특별시,강북구,서울특별시 강북구 월계로173,서울특별시 강북구 번동 83-2,37.62025563,127.0443254,2,"연 15,180원",2018-11-12,2019-11-11,연중무휴,17:00,21:00,09:00,22:00,,,,,,,,,,,,,,,,,,,,,,,,,,북서울꿈의숲,02-2289-4014,2020-06-12,3080000,서울특별시 강북구
오장폭포주차장,2,강원도,정선군,,강원도 정선군 여량면 구절리 산 2,37.540046,128.749125,1,10만원(10년치),2017-01-19,2027-01-19,없음,09:00,17:00,09:00,17:00,09:00,17:00,09:00,17:00,09:00,17:00,09:00,17:00,09:00,17:00,09:00,17:00,09:00,17:00,09:00,17:00,09:00,17:00,09:00,17:00,09:00,17:00,09:00,17:00,식품외품목,정선군청,033-560-2010,2020-10-28,4290000,강원도 정선군
독산역 2번출구 앞 광장,8,서울특별시,금천구,서울특별시 금천구 벚꽃로 115(가산동),서울특별시 금천구 가산동 717,37.4659873169,126.8895141687,3,"1,584,550",2020-04-01,2022-03-31,트럭별 상이,07:00,22:00,07:00,22:00,07:00,22:00,07:00,22:00,07:00,22:00,07:00,22:00,07:00,22:00,07:00,22:00,07:00,22:00,07:00,22:00,07:00,22:00,07:00,22:00,07:00,22:00,07:00,22:00,주류,지역경제과,02-2627-1306,2020-09-11,3170000,서울특별시 금천구
신포청년몰,99,인천광역시,중구,인천광역시 중구 우현로35번길 1,,37.47045702,126.6275216,1,"연 1,445,446원",2019-05-01,2020-07-14,월요일,11:00,20:00,11:00,20:00,11:00,20:00,11:00,20:00,11:00,20:00,11:00,20:00,11:00,20:00,11:00,20:00,11:00,20:00,11:00,20:00,11:00,20:00,11:00,20:00,11:00,20:00,11:00,20:00,없음,인천광역시,032-760-7347,2020-07-08,3490000,인천광역시 중구
당진시청,8,충청남도,당진시,충청남도 당진시 시청1로 1,충청남도 당진시 수청동 1002,36.8897414295,126.6459710322,1,0원,2018-05-02,2020-05-24,토요일+일요일+공휴일,09:00,18:00,09:00,18:00,,,,,,,,,,,,,,,,,,,,,,,,,,당진시 보건소,041-360-6120,2020-09-09,5680000,충청남도 당진시
서해안고속도로 당진 졸음쉼터(상행),7,충청남도,당진시,충청남도 당진시 송악읍 서해안고속도로 265,충청남도 당진시 송악읍 영천리 366-12,36.9007504337,126.7184687379,1,원,2019-12-30,2020-12-23,평일,06:00,23:59,06:00,23:59,,,,,,,,,,,,,,,,,,,,,,,,,,한국도로공사대전충남본부,042-722-6046,2020-09-09,5680000,충청남도 당진시
서해안고속도로 당진 졸음쉼터(하행),7,충청남도,당진시,충청남도 당진시 송악읍 서해안고속도로 265,충청남도 당진시 송악읍 영천리 366-12,36.9007504337,126.7184687379,1,원,2020-01-07,2020-12-23,연중무휴,06:00,23:59,06:00,23:59,,,,,,,,,,,,,,,,,,,,,,,,,,한국도로공사대전충남본부,042-722-6046,2020-09-09,5680000,충청남도 당진시
당진1동행정복지센터,8,충청남도,당진시,충청남도 당진시 당진중앙1로 33,충청남도 당진시 읍내동 560,36.8932229634,126.6271384175,1,0원,2020-07-16,2020-12-15,연중무휴,09:00,20:00,09:00,20:00,,,,,,,,,,,,,,,,,,,,,,,,,,당진시 보건소,041-360-6120,2020-09-09,5680000,충청남도 당진시
한밭야구장,3,6,중구,"대전광역시 중구 대종로 373, 한밭야구장 89머1606 (부사동)",대전광역시 중구 부사동 209-1,36.3173370007,127.4280138234,1,10000000원,2020-04-17,2020-12-31,야구 비시즌,18:30,20:30,00:00,00:00,,,,,,,,,,,,,,,,,,,,,,,,,치킨 외,대전 중구청 위생과,042-606-6106,2020-09-04,3650000,대전광역시 중구
중문해수욕장주차장,2,제주특별자치도,서귀포시,,제주특별자치도 서귀포시 색달동 2950-23,,,1,0,2015-05-07,2020-04-30,연중무휴,00:00,23:59,00:00,23:59,,,,,,,,,,,,,,,,,,,,,,,,,,위생관리과,064-760-2423,2020-07-01,6520000,제주특별자치도 서귀포시
남항대교 하부,8,부산광역시,영도구,,부산광역시 영도구 영선2동 186-71,35.08212632,129.0390876,2,"460,350",2021-01-27,2023-01-26,연중무휴,10:00,22:00,10:00,22:00,10:00,22:00,10:00,22:00,10:00,22:00,10:00,22:00,10:00,22:00,10:00,22:00,10:00,22:00,10:00,22:00,10:00,22:00,10:00,22:00,10:00,22:00,10:00,22:00,,영도구청,051-419-4653,2021-03-16,3280000,부산광역시 영도구
중앙체육공원,04,전라북도,익산시,전라북도 익산시 하나로 322,전라북도 익산시 어양동 52,35.9497295074,126.9861273792,1,14300,2016-10-06,2019-10-05,무,10:00,21:00,10:00,21:00,10:00,21:00,10:00,21:00,10:00,21:00,10:00,21:00,10:00,21:00,10:00,21:00,10:00,21:00,10:00,21:00,10:00,21:00,10:00,21:00,10:00,21:00,10:00,21:00,,전라북도 익산시,063-859-4692,2021-03-18,4680000,전라북도 익산시
남광주시장,99,광주광역시,동구,광주광역시 동구 제봉로7,광주광역시 동구 학동55,35.1389375,126.9218722,9,0,2016-09-09,2019-01-16,월요일+화요일+수요일+목요일,18:00,23:00,18:00,23:00,18:00,23:00,18:00,23:00,18:00,23:00,18:00,23:00,18:00,23:00,18:00,23:00,18:00,23:00,18:00,23:00,18:00,23:00,18:00,23:00,18:00,23:00,18:00,23:00,주류,광주광역시 동구,062-608-2463,2020-09-04,3590000,광주광역시 동구
아시아문화전당,1,광주광역시,동구,광주광역시 동구 문화전당로38,광주광역시 동구 광산동 13,35.14691559,126.9199945,8,0,2017-08-24,2019-08-17,월요일+화요일+수요일+목요일,17:00,21:00,17:00,21:00,17:00,21:00,17:00,21:00,17:00,21:00,17:00,21:00,17:00,21:00,17:00,21:00,17:00,21:00,17:00,21:00,17:00,21:00,17:00,21:00,17:00,21:00,17:00,21:00,주류,광주광역시 동구,062-608-2463,2020-09-04,3590000,광주광역시 동구
곡성세계장미축제장,2,전라남도,곡성군,전라남도 곡성군오곡면 기차마을로 232,,35.2775326543,127.3082864723,,"일 20,000원",2020-05-22,2020-06-07,연중무휴,09:00,18:00,09:00,18:00,,,,,,,,,,,,,,,,,,,,,,,,,,곡성군청,061-360-8635,2020-07-10,4860000,전라남도 곡성군
곡성심청축제장,2,전라남도,곡성군,전라남도 곡성군오곡면 기차마을로 232,,35.2775326543,127.3082864723,,0,2019-10-03,2019-10-06,연중무휴,09:00,18:00,09:00,18:00,,,,,,,,,,,,,,,,,,,,,,,,,,곡성군청,061-360-8635,2020-07-10,4860000,전라남도 곡성군
인천대학교 BTL생활원 부속시설,6,인천광역시,연수구,"인천광역시 연수구 아카데미로 119, 인천대학교 BTL생활원 부속시설",인천광역시 연수구 송도동12-1,37.3778557116,126.6325052950,1,-,2018-04-24,2023-02-01,"토요일,일요일",10:00,19:00,00:00,00:00,,,,,,,,,,,,,,,,,,,,,,,,,,미래행복(주),032-556-4503,2020-07-09,3520000,인천광역시 연수구
인천송도국제캠핑장,8,인천광역시,연수구,인천광역시 연수구 지식기반로 60,인천광역시 연수구 송도동221-2,37.3615808115,126.6458775369,2,-,2020-07-07,2020-10-31,월요일,10:00,21:00,10:00,21:00,,,,,,,,,,,,,,,,,,,,,,,,,,(주)공공스토리사업단,032-673-1458,2020-07-09,3520000,인천광역시 연수구
위덕대학교 학교주차장,6,경상북도,경주시,경상북도 경주시 강동면 동해대로 261,경상북도 경주시 강동면 유금리 525,36.01610965,129.2825922,,문의,2018-04-01,2029-12-31,월요일+수요일+목요일+금요일+토요일+일요일,11:00,19:00,00:00,00:00,,,,,,,,,,,,,,,,,,,,,,,,,,경주시,054-760-1037,2020-06-30,5050000,경상북도 경주시
대덕구노인종합복지회관,8,대전광역시,대덕구,대전광역시 대덕구 계족로740번길 80 (읍내동),,36.3782583557,127.4314387090,,0,2020-02-06,2020-12-31,토요일+일요일+공휴일,10:30,14:30,00:00,00:00,,,,,,,,,,,,,,,,,,,,,,,,,,대전광역시 대덕구,042-608-6893,2020-04-29,3680000,대전광역시 대덕구
신대노인종합복지관,8,대전광역시,대덕구,대전광역시 대덕구 회덕로22번길 5 (신대동),,36.3987504146,127.4204582192,,0,2020-02-06,2020-12-31,토요일+일요일+공휴일,10:30,14:30,00:00,00:00,,,,,,,,,,,,,,,,,,,,,,,,,,대전광역시 대덕구,042-608-6893,2020-04-29,3680000,대전광역시 대덕구
문화체육회관,03,10,양구군,강원도 양구군 양구읍 양록길23번길 17,강원도 양구군 양구읍 상리 505,38.1083030,127.9843733,2,0,2017-07-10,2019-12-31,0,09:00,18:00,09:00,18:00,09:00,18:00,09:00,18:00,09:00,18:00,09:00,18:00,09:00,18:00,09:00,18:00,09:00,18:00,09:00,18:00,09:00,18:00,09:00,18:00,09:00,18:00,09:00,18:00,,(재)양구군시설관리사업단,033-480-2772,2019-06-12,4320000,강원도 양구군
레포츠공원,03,10,양구군,,강원도 양구군 양구읍 상리 397-1,38.062397,127.585441,2,0,2017-07-10,2019-12-31,0,09:00,18:00,09:00,18:00,09:00,18:00,09:00,18:00,09:00,18:00,09:00,18:00,09:00,18:00,09:00,18:00,09:00,18:00,09:00,18:00,09:00,18:00,09:00,18:00,09:00,18:00,09:00,18:00,,(재)양구군시설관리사업단,033-480-2772,2019-06-12,4320000,강원도 양구군
테니스파크,03,10,양구군,강원도 양구군 양구읍 함춘로 102,강원도 양구군 양구읍 하리 439,38.1170017,127.9886572,2,0,2017-07-10,2019-12-31,0,09:00,18:00,09:00,18:00,09:00,18:00,09:00,18:00,09:00,18:00,09:00,18:00,09:00,18:00,09:00,18:00,09:00,18:00,09:00,18:00,09:00,18:00,09:00,18:00,09:00,18:00,09:00,18:00,,(재)양구군시설관리사업단,033-480-2772,2019-06-12,4320000,강원도 양구군
용하체육관,03,10,양구군,강원도 양구군 남면 정중앙로 624-18,강원도 양구군 남면 용하리 418,38.1088637,128.0352438,2,0,2017-07-10,2019-12-31,0,09:00,18:00,09:00,18:00,09:00,18:00,09:00,18:00,09:00,18:00,09:00,18:00,09:00,18:00,09:00,18:00,09:00,18:00,09:00,18:00,09:00,18:00,09:00,18:00,09:00,18:00,09:00,18:00,,(재)양구군시설관리사업단,033-480-2772,2019-06-12,4320000,강원도 양구군
청춘체육관,03,10,양구군,강원도 양구군 양구읍 함춘로 64,강원도 양구군 양구읍 하리 434-1,38.1142268367,127.987115967,2,0,2019-03-27,2019-12-31,0,09:00,18:00,09:00,18:00,09:00,18:00,09:00,18:00,09:00,18:00,09:00,18:00,09:00,18:00,09:00,18:00,09:00,18:00,09:00,18:00,09:00,18:00,09:00,18:00,09:00,18:00,09:00,18:00,,(재)양구군시설관리사업단,033-480-2772,2019-06-12,4320000,강원도 양구군
솔오름주차장,99,제주특별자치도,서귀포시,,제주특별자치도 서귀포시 동홍동 2142-14,,,1,60000원,2019-02-08,2021-01-31,연중무휴,00:00,23:59,00:00,23:59,,,,,,,,,,,,,,,,,,,,,,,,,,위생관리과,064-760-2423,2020-07-01,6520000,제주특별자치도 서귀포시
솔오름주차장,99,제주특별자치도,서귀포시,,제주특별자치도 서귀포시 동홍동 2142-14,,,1,60000원,2019-02-13,2021-01-31,연중무휴,00:00,23:59,00:00,23:59,,,,,,,,,,,,,,,,,,,,,,,,,,위생관리과,064-760-2423,2020-07-01,6520000,제주특별자치도 서귀포시
솔오름주차장,99,제주특별자치도,서귀포시,,제주특별자치도 서귀포시 동홍동 2142-7,,,1,79000원,2018-12-14,2020-11-30,연중무휴,00:00,23:59,00:00,23:59,,,,,,,,,,,,,,,,,,,,,,,,,,위생관리과,064-760-2423,2020-07-01,6520000,제주특별자치도 서귀포시
솔오름전망대,99,제주특별자치도,서귀포시,,제주특별자치도 서귀포시 동홍동 2150-1,,,1,105000원,2019-03-08,2021-02-28,연중무휴,00:00,23:59,00:00,23:59,,,,,,,,,,,,,,,,,,,,,,,,,,위생관리과,064-760-2423,2020-07-01,6520000,제주특별자치도 서귀포시
솔오름전망대,99,제주특별자치도,서귀포시,,제주특별자치도 서귀포시 동홍동 2150-1,,,1,105000원,2019-03-22,2021-02-28,연중무휴,00:00,23:59,00:00,23:59,,,,,,,,,,,,,,,,,,,,,,,,,,위생관리과,064-760-2423,2020-07-01,6520000,제주특별자치도 서귀포시
솔오름전망대,99,제주특별자치도,서귀포시,,제주특별자치도 서귀포시 동홍동 2150-1,,,1,105000원,2019-04-03,2021-02-28,연중무휴,00:00,23:59,00:00,23:59,,,,,,,,,,,,,,,,,,,,,,,,,,위생관리과,064-760-2423,2020-07-01,6520000,제주특별자치도 서귀포시
경부선연곡졸음쉼터내영업허용장소,7,충청남도,천안시,,충청남도 천안시 서북구 입장면 연곡리 243-5,36.95431265,127.1830068,1,"최초6개월미부과,이후6개월은 푸드트럭사업 사용료를 운영종료시 일할계산",2020-01-13,2021-01-12,연중무휴,08:00,19:00,08:00,19:00,08:00,19:00,08:00,19:00,08:00,19:00,08:00,19:00,08:00,19:00,08:00,19:00,08:00,19:00,08:00,19:00,08:00,19:00,08:00,19:00,08:00,19:00,08:00,19:00,주류,천안시 서북구청 환경위생과,041-521-6323,2020-12-17,4490000,충청남도 천안시
대명리조트,1,충청남도,천안시,충청남도 천안시 동남구 성남면 종합휴양지로 200,충청남도 천안시 동남구 성남면 용원리 672,36.75731116,127.2240958,1,매출액의22,2018-07-02,2099-01-01,연중무휴,09:00,19:00,09:00,19:00,09:00,19:00,09:00,19:00,09:00,19:00,09:00,19:00,09:00,19:00,09:00,19:00,09:00,19:00,09:00,19:00,09:00,19:00,09:00,19:00,09:00,19:00,09:00,19:00,,천안시 동남구청 환경위생과,041-521-4324,2020-12-17,4490000,충청남도 천안시
덕풍천 자전거 휴게소 내,5,경기도,하남시,,경기도 하남시 신장동 244,37.549601,127.219011,2,0,2020-08-16,2021-08-15,연중무휴,12:00,18:00,12:00,18:00,,,,,,,,,,,,,,,,,,,,,,,,,,하남시 건설과,031-790-6457,2020-12-04,4040000,경기도 하남시
풍산근린2호공원,4,경기도,하남시,경기도 하남시 덕풍서로 21,경기도 하남시 덕풍동 776,37.55052835,127.2012278,1,0,2020-09-01,2021-08-31,연중무휴,12:00,18:00,12:00,18:00,,,,,,,,,,,,,,,,,,,,,,,,,,하남시 공원녹지과,031-790-6252,2020-12-04,4040000,경기도 하남시
남해고속도로지수졸음쉼터,7,경상남도,진주시,,경상남도 진주시 지수면 금곡리 240-4,35.208321281,128.258276558,1,월 20-30만원,2016-07-01,2019-07-15,공휴일,08:00,20:00,08:00,20:00,08:00,20:00,08:00,20:00,08:00,20:00,08:00,20:00,08:00,20:00,08:00,20:00,08:00,20:00,08:00,20:00,08:00,20:00,08:00,20:00,08:00,20:00,08:00,20:00,주류,진주시,055-749-8674,2020-12-10,5310000,경상남도 진주시
영업자가 신청하여 지정하는 장소,99,경상남도,진주시,경상남도 진주시 모덕로127번길 6 (상대동),경상남도 진주시 상대동 319-2,35.18416483,128.111266,1,별도 사용료 없음,2020-04-07,2022-04-03,별도 휴무일 없음,15:00,22:00,15:00,22:00,15:00,22:00,15:00,22:00,15:00,22:00,15:00,22:00,15:00,22:00,15:00,22:00,15:00,22:00,15:00,22:00,15:00,22:00,15:00,22:00,15:00,22:00,15:00,22:00,주류,진주시,055-749-8674,2020-12-10,5310000,경상남도 진주시
도시공원,4,경상남도,진주시,"경상남도 진주시 남강로 1655 (초전동,초전공원내)",경상남도 진주시 초전동 1583-14,35.205654963,128.126341857,1,"연 50,820원",2020-09-23,2021-09-21,별도 휴무일 없음,10:00,17:00,10:00,17:00,10:00,17:00,10:00,17:00,10:00,17:00,10:00,17:00,10:00,17:00,10:00,17:00,10:00,17:00,10:00,17:00,10:00,17:00,10:00,17:00,10:00,17:00,10:00,17:00,주류,진주시,055-749-8674,2020-12-10,5310000,경상남도 진주시
커피화이트컵,99,충청북도,상당구,,충청북도 청주시 상당구 월오동 113-1,,,1,확인불가,2019-01-02,2020-12-31,상이함,10:00,20:00,10:00,20:00,,,,,,,,,,,,,,,,,,,,,,,,,,청주시상당구청,043-201-1972,2020-12-20,5710000,충청북도 청주시
청남대별장푸드,99,충청북도,상당구,충청북도 청주시 상당구 문의면 회남문의로 1550,충청북도 청주시 상당구 문의면 괴곡리 266-1,36.5075343785,127.5227564562,1,확인불가,2019-04-15,2029-12-31,상이함,10:00,20:00,10:00,20:00,,,,,,,,,,,,,,,,,,,,,,,,,,청주시상당구청,043-201-1972,2020-12-20,5710000,충청북도 청주시
흥부카페,99,충청북도,상당구,,충청북도 청주시 상당구 가덕면 병암리 95-5,,,1,확인불가,2020-02-11,2024-05-31,상이함,10:00,20:00,10:00,20:00,,,,,,,,,,,,,,,,,,,,,,,,,,청주시상당구청,043-201-1972,2020-12-20,5710000,충청북도 청주시
츄로츄러스,8,충청북도,흥덕구,충청북도 청주시 흥덕구 오송읍 오송가락로 123 (오송역 서광장),,36.6204748261,127.3271434654,1,확인불가,2016-10-07,2029-12-31,상이함,10:00,20:00,10:00,20:00,,,,,,,,,,,,,,,,,,,,,,,,,,청주시흥덕구청,043-201-1972,2020-12-20,5710000,충청북도 청주시
도담다방,8,충청북도,흥덕구,"충청북도 청주시 흥덕구 무심서로 857, 청주시차량등록사업소 1층 (신봉동)",,36.6637451659,127.4658131034,1,확인불가,2018-02-21,2023-02-28,상이함,10:00,20:00,10:00,20:00,,,,,,,,,,,,,,,,,,,,,,,,,,청주시흥덕구청,043-201-1972,2020-12-20,5710000,충청북도 청주시
야미(Yummy),8,충청북도,흥덕구,"충청북도 청주시 흥덕구 오송읍 오송가락로 123, 오송역 일원동",,36.6204748261,127.3271434654,1,확인불가,2018-10-18,2029-12-31,상이함,10:00,20:00,10:00,20:00,,,,,,,,,,,,,,,,,,,,,,,,,,청주시흥덕구청,043-201-1972,2020-12-20,5710000,충청북도 청주시
츄러스브로,99,충청북도,흥덕구,"충청북도 청주시 흥덕구 2순환로 1004, 롯데아울렛 청주점 1층 정문광장호 (비하동)",,36.6451741075,127.4216434471,1,확인불가,2019-02-08,2029-12-31,상이함,10:00,20:00,10:00,20:00,,,,,,,,,,,,,,,,,,,,,,,,,,청주시흥덕구청,043-201-1972,2020-12-20,5710000,충청북도 청주시
친환경스카이웨이주차장,08,02,동구,,부산광역시 동구 초량동 827-389 친환경스카이웨이주차장,,,1,176410,2016-12-15,2018-12-14,연중무휴,10:00,23:00,10:00,23:00,,,,,,,,,,,,,,,,,,,,,,,,,,부산광역시 동구청,051-440-4984,2019-08-23,3270000,부산광역시 동구
갈모봉산림욕장,99,경상남도,고성군,,경상남도 고성군 고성읍 이당리 653-2,34.976634,128.268569,1,0,2016-12-01,2018-11-30,연중무휴,09:00,18:00,09:00,18:00,,,,,,,,,,,,,,,,,,,,,,,,,,경상남도 고성군,055-670-2673,2020-07-10,5420000,경상남도 고성군
화진포관광지,2,강원도,고성군,강원도 고성군 거진읍 화진포길 280,강원도 고성군 거진읍 화포리 605번지,38.4725044072,128.4430193,1,없음,2015-10-27,2100-01-01,연중무휴,08:00,18:00,08:00,18:00,09:00,17:00,09:00,17:00,09:00,17:00,08:00,18:00,08:00,18:00,08:00,18:00,08:00,18:00,08:00,18:00,08:00,18:00,08:00,18:00,09:00,17:00,09:00,17:00,,고성군 보건소,033-680-3954,2020-07-10,4340000,강원도 고성군
기타장소,99,강원도,고성군,강원도 고성군 간성읍 건봉사로 330,강원도 고성군 간성읍 해상리 645번지,38.3873254512,128.4149482673,1,없음,2019-07-08,2100-01-01,연중무휴,11:00,21:00,11:00,21:00,11:00,21:00,11:00,21:00,11:00,21:00,11:00,21:00,11:00,21:00,11:00,21:00,11:00,21:00,11:00,21:00,11:00,21:00,11:00,21:00,11:00,21:00,11:00,21:00,,고성군 보건소,033-680-3954,2020-07-10,4340000,강원도 고성군
봉포리 상상마당,99,강원도,고성군,,강원도 고성군 토성면 봉포리 290번지 7호,38.2603941,128.5408803,1,없음,2020-06-15,2100-01-01,연중무휴,11:00,21:00,11:00,21:00,11:00,21:00,11:00,21:00,11:00,21:00,11:00,21:00,11:00,21:00,11:00,21:00,11:00,21:00,11:00,21:00,11:00,21:00,11:00,21:00,11:00,21:00,11:00,21:00,,고성군 보건소,033-680-3954,2020-07-10,4340000,강원도 고성군
평사리공원,4,경상남도,하동군,,경상남도 하동군 악양면 평사리 72-2,35.13538984,127.6912571,1,0,2018-07-01,2022-06-30,월요일,09:00,18:00,09:00,18:00,09:00,18:00,09:00,18:00,09:00,18:00,09:00,18:00,09:00,18:00,09:00,18:00,09:00,18:00,09:00,18:00,09:00,18:00,09:00,18:00,09:00,18:00,09:00,18:00,주류,하동군,055-880-2355,2020-12-28,5440000,경상남도 하동군
신례천로옆,99,제주특별자치도,서귀포시,,제주특별자치도 서귀포시 남원읍 신례리 850-1,33.2858916981,126.6351597563,1,0,2019-11-25,2021-11-25,연중무휴,00:00,23:59,00:00,23:59,,,,,,,,,,,,,,,,,,,,,,,,,,위생관리과,064-760-2423,2020-07-01,6520000,제주특별자치도 서귀포시
태풍센터근처,99,제주특별자치도,서귀포시,,제주특별자치도 서귀포시 남원읍 한남리 산76-1,,,1,0,2018-10-15,2020-10-15,연중무휴,00:00,23:59,00:00,23:59,,,,,,,,,,,,,,,,,,,,,,,,,,위생관리과,064-760-2423,2020-07-01,6520000,제주특별자치도 서귀포시
의성마늘테마파크,4,경상북도,의성군,경상북도 의성군 의성읍 경북대로 5690,경상북도 의성군 의성읍 원당리 208-1,36.3513757211,128.6768142722,,23570원/년(번호2-5),2016-12-10,2018-12-09,이동영업(번호2-5),00:00,00:00,00:00,00:00,00:00,00:00,00:00,00:00,00:00,00:00,00:00,00:00,00:00,00:00,00:00,00:00,00:00,00:00,00:00,00:00,00:00,00:00,00:00,00:00,00:00,00:00,00:00,00:00,,경상북도 의성군 보건소,054-830-6171,2020-12-10,5150000,경상북도 의성군
의성종합운동장,3,경상북도,의성군,,경상북도 의성군 의성읍 중리리 549,36.3572844,128.6932898,,23570원/년(번호2-5),2016-12-10,2018-12-09,이동영업(번호2-5),00:00,00:00,00:00,00:00,00:00,00:00,00:00,00:00,00:00,00:00,00:00,00:00,00:00,00:00,00:00,00:00,00:00,00:00,00:00,00:00,00:00,00:00,00:00,00:00,00:00,00:00,00:00,00:00,,경상북도 의성군 보건소,054-830-6171,2020-12-10,5150000,경상북도 의성군
의성군농업기술센터,99,경상북도,의성군,,경상북도 의성군 봉양면 분토리 928,36.3230219789,128.6462093545,,23570원/년(번호2-5),2016-12-10,2018-12-09,이동영업(번호2-5),00:00,00:00,00:00,00:00,00:00,00:00,00:00,00:00,00:00,00:00,00:00,00:00,00:00,00:00,00:00,00:00,00:00,00:00,00:00,00:00,00:00,00:00,00:00,00:00,00:00,00:00,00:00,00:00,,경상북도 의성군 보건소,054-830-6171,2020-12-10,5150000,경상북도 의성군
의성조문국사적지,4,경상북도,의성군,,경상북도 의성군 금성면 대리리 377 - 2,36.2739594,128.668181,1,23570원/년(번호2-5),2018-12-10,2021-12-09,이동영업(번호2-5),00:00,00:00,00:00,00:00,00:00,00:00,00:00,00:00,00:00,00:00,00:00,00:00,00:00,00:00,00:00,00:00,00:00,00:00,00:00,00:00,00:00,00:00,00:00,00:00,00:00,00:00,00:00,00:00,,경상북도 의성군 보건소,054-830-6171,2020-12-10,5150000,경상북도 의성군
빙계군립공원,4,경상북도,의성군,,경상북도 의성군 춘산면 빙계리 896,36.2291709,128.756566,1,23570원/년(번호2-5),2020-07-13,2021-07-12,이동영업(번호2-5),00:00,00:00,00:00,00:00,00:00,00:00,00:00,00:00,00:00,00:00,00:00,00:00,00:00,00:00,00:00,00:00,00:00,00:00,00:00,00:00,00:00,00:00,00:00,00:00,00:00,00:00,00:00,00:00,,경상북도 의성군 보건소,054-830-6171,2020-12-10,5150000,경상북도 의성군
이월드,1,대구광역시,달서구,"대구광역시 달서구 두류공원로 200, 부메랑스낵 옆 (두류동)",대구광역시 달서구 두류동 산302-11,35.85485186,128.5648168,1,0,2020-01-02,2020-12-31,연중무휴,10:00,22:00,10:00,22:00,,,,,,,,,,,,,,,,,,,,,,,,,,달서구청,053-667-3761,2021-03-24,3470000,대구광역시 달서구
온천공원,4,경기도,이천시,경기도 이천시 애련정로136번길 84,경기도 이천시 창전동 503,37.282172136,127.453705784,0,"연44,440원",2015-10-26,2018-10-25,연중무휴,09:00,20:00,09:00,20:00,09:00,20:00,09:00,20:00,09:00,20:00,09:00,20:00,09:00,20:00,09:00,20:00,09:00,20:00,09:00,20:00,20:00,20:00,09:00,20:00,09:00,20:00,09:00,20:00,,경기도 이천시청,031-645-3844,2021-03-25,4070000,경기도 이천시
농업테마파크,4,경기도,이천시,경기도 이천시 모가면 공원로 48,경기도 이천시 모가면 어농리 산28-4,37.17960797,127.4453087,0,"연127,820원",2019-03-08,2021-03-07,공원 휴장일,09:00,18:30,09:00,18:30,09:00,17:30,09:00,17:30,09:00,18:30,09:00,18:30,09:00,18:30,09:00,18:30,09:00,18:30,09:00,18:30,18:30,18:30,09:00,17:30,09:00,17:30,09:00,17:30,,경기도 이천시청,031-632-6607,2021-03-25,4070000,경기도 이천시
버닝웍,99,충청북도,흥덕구,"충청북도 청주시 흥덕구 2순환로 1004, 롯데아울렛 청주점 (비하동)",,36.6451741075,127.4216434471,1,확인불가,2019-07-12,2029-12-31,상이함,10:00,20:00,10:00,20:00,,,,,,,,,,,,,,,,,,,,,,,,,,청주시흥덕구청,043-201-1972,2020-12-20,5710000,충청북도 청주시
매튜516,99,충청북도,흥덕구,"충청북도 청주시 흥덕구 2순환로 1004, 롯데아울렛 청주점 광장 1층 (비하동)",,36.6451741075,127.4216434471,1,확인불가,2019-10-10,2029-12-31,상이함,10:00,20:00,10:00,20:00,,,,,,,,,,,,,,,,,,,,,,,,,,청주시흥덕구청,043-201-1972,2020-12-20,5710000,충청북도 청주시
대로식당,99,충청북도,흥덕구,"충청북도 청주시 흥덕구 2순환로 1004, 롯데아울렛 청주점 1층 정문광장호 (비하동)",,36.6451741075,127.4216434471,1,확인불가,2020-01-22,2029-12-31,상이함,10:00,20:00,10:00,20:00,,,,,,,,,,,,,,,,,,,,,,,,,,청주시흥덕구청,043-201-1972,2020-12-20,5710000,충청북도 청주시
이카 타코야끼,99,충청북도,흥덕구,"충청북도 청주시 흥덕구 2순환로 1004, 롯데아울렛 청주점 (비하동)",,36.6451741075,127.4216434471,1,확인불가,2020-05-07,2029-12-31,상이함,10:00,20:00,10:00,20:00,,,,,,,,,,,,,,,,,,,,,,,,,,청주시흥덕구청,043-201-1972,2020-12-20,5710000,충청북도 청주시
드롭탑 오송역 언더패스점,8,충청북도,흥덕구,,충청북도 청주시 흥덕구 오송읍 오송리 15-4,,,1,확인불가,2020-07-24,2025-03-31,상이함,10:00,20:00,10:00,20:00,,,,,,,,,,,,,,,,,,,,,,,,,,청주시흥덕구청,043-201-1972,2020-12-20,5710000,충청북도 청주시
서동생활공원,03,경상남도,의령군,경상남도 의령군 의령읍 의병로8길 44,경상남도 의령군 의령읍 서동리 543,35.31545351,128.2558931,1,"연 60,220원",2018-08-09,2023-08-08,연중무휴,10:00,21:00,10:00,21:00,10:00,21:00,10:00,21:00,10:00,21:00,10:00,21:00,10:00,21:00,10:00,21:00,10:00,21:00,10:00,21:00,10:00,21:00,10:00,21:00,10:00,21:00,10:00,21:00,주류,경상남도 의령군청,055-570-2633,2020-12-09,5390000,경상남도 의령군
경산생활체육공원,4,경상북도,경산시,"경상북도 경산시 남매로 100 (상방동, 경산생활체육공원 일원)",,35.82111713,128.7437733,1,0,2019-06-03,2021-05-31,연중무휴,10:00,18:00,10:00,18:00,10:00,18:00,10:00,18:00,10:00,18:00,10:00,18:00,10:00,18:00,10:00,18:00,10:00,18:00,10:00,18:00,10:00,18:00,10:00,18:00,10:00,18:00,10:00,18:00,,경상북도 경산시 보건소,053-810-6337,2020-12-14,5130000,경상북도 경산시
삼성현역사문화공원,1,경상북도,경산시,경상북도 경산시 남산면 삼성현공원로 59,,35.80168834,128.7966117,1,0,2017-11-09,2019-10-26,연중무휴,10:00,18:00,10:00,18:00,10:00,18:00,10:00,18:00,10:00,18:00,10:00,18:00,10:00,18:00,10:00,18:00,10:00,18:00,10:00,18:00,10:00,18:00,10:00,18:00,10:00,18:00,10:00,18:00,,경상북도 경산시 보건소,053-810-6337,2020-12-14,5130000,경상북도 경산시
경일대학교,6,경상북도,경산시,"경상북도 경산시 하양읍 가마실길 50, 경일대학교 학생회관 1층 앞주차장 18호관 편의점 앞 주차장",,35.91106895,128.8020451,1,0,2019-02-20,2020-02-29,연중무휴,10:00,18:00,10:00,18:00,10:00,18:00,10:00,18:00,10:00,18:00,10:00,18:00,10:00,18:00,10:00,18:00,10:00,18:00,10:00,18:00,10:00,18:00,10:00,18:00,10:00,18:00,10:00,18:00,,경상북도 경산시 보건소,053-810-6337,2020-12-14,5130000,경상북도 경산시
대구한의대학교,6,경상북도,경산시,"경상북도 경산시 한의대로 1, 대구한의대학교 (유곡동)",,35.79398805,128.7773243,1,0,2018-08-09,2019-12-31,연중무휴,10:00,18:00,10:00,18:00,10:00,18:00,10:00,18:00,10:00,18:00,10:00,18:00,10:00,18:00,10:00,18:00,10:00,18:00,10:00,18:00,10:00,18:00,10:00,18:00,10:00,18:00,10:00,18:00,,경상북도 경산시 보건소,053-810-6337,2020-12-14,5130000,경상북도 경산시
청성역사공원 지역,4,경기도,포천시,,경기도 포천시 군내면 하성북리 637-5,,,,일/325원,2017-07-27,2018-03-31,연중무휴,10:00,19:00,10:00,19:00,,,,,,,,,,,,,,,,,,,,,,,,,,포천시,031-538-2358,2020-12-01,5600000,경기도 포천시
용평리조트,2,강원도,평창군,강원도 평창군 대관령면 올림픽로 715,강원도 평창군 대관령면 용산리 130,37.6509444362,128.7055568606,,0,2019-05-01,2030-12-31,연중무휴,09:00,19:00,09:00,19:00,09:00,19:00,09:00,19:00,09:00,19:00,09:00,19:00,09:00,19:00,09:00,19:00,09:00,19:00,09:00,19:00,09:00,19:00,09:00,19:00,09:00,19:00,09:00,19:00,주류,평창군,033-330-2314,2020-11-25,4280000,강원도 평창군
알펜시아 리조트,2,강원도,평창군,강원도 평창군 대관령면 솔봉로 325,강원도 평창군 대관령면 용산리 195-1,37.6592541743,128.6840106671,,0,2019-05-01,2030-12-31,연중무휴,09:00,19:00,09:00,19:00,09:00,19:00,09:00,19:00,09:00,19:00,09:00,19:00,09:00,19:00,09:00,19:00,09:00,19:00,09:00,19:00,09:00,19:00,09:00,19:00,09:00,19:00,09:00,19:00,주류,평창군,033-330-2314,2020-11-25,4280000,강원도 평창군
평창 휘닉스파크,2,강원도,평창군,강원도 평창군 봉평면 태기로 174,강원도 평창군 봉평면 면온리 1095-1,37.5824634130,128.3268677594,,0,2019-05-01,2030-12-31,연중무휴,09:00,19:00,09:00,19:00,09:00,19:00,09:00,19:00,09:00,19:00,09:00,19:00,09:00,19:00,09:00,19:00,09:00,19:00,09:00,19:00,09:00,19:00,09:00,19:00,09:00,19:00,09:00,19:00,주류,평창군,033-330-2314,2020-11-25,4280000,강원도 평창군
마하생태관광단지,2,강원도,평창군,,강원도 평창군 미탄면 마하리,37.27857371,128.5762401,,0,2019-05-01,2030-12-31,연중무휴,09:00,19:00,09:00,19:00,09:00,19:00,09:00,19:00,09:00,19:00,09:00,19:00,09:00,19:00,09:00,19:00,09:00,19:00,09:00,19:00,09:00,19:00,09:00,19:00,09:00,19:00,09:00,19:00,주류,평창군,033-330-2314,2020-11-25,4280000,강원도 평창군
평창전통시장,99,강원도,평창군,강원도 평창군 평창읍 평창시장1길 8-1,강원도 평창군 평창읍 하리 55-6,37.366849,128.394577,,0,2020-04-24,2030-12-31,5일+10일+15일+20일+25일+30일,09:00,19:00,09:00,19:00,09:00,19:00,09:00,19:00,09:00,19:00,09:00,19:00,09:00,19:00,09:00,19:00,09:00,19:00,09:00,19:00,09:00,19:00,09:00,19:00,09:00,19:00,09:00,19:00,주류,평창군,033-330-2314,2020-11-25,4280000,강원도 평창군
대화전통시장,99,강원도,평창군,강원도 평창군 대화면 대화3길 41,강원도 평창군 대화리 1001-171,37.5006970011,128.4547135657,,0,2020-04-24,2030-12-31,4일+9일+14일+19일+24일+29일,09:00,19:00,09:00,19:00,09:00,19:00,09:00,19:00,09:00,19:00,09:00,19:00,09:00,19:00,09:00,19:00,09:00,19:00,09:00,19:00,09:00,19:00,09:00,19:00,09:00,19:00,09:00,19:00,주류,평창군,033-330-2314,2020-11-25,4280000,강원도 평창군
봉평전통시장,99,강원도,평창군,,강원도 평창군 봉평면 창동리 280-6,37.61548074,128.3776474,,0,2020-04-24,2030-12-31,2일+7일+12일+17일+22일+27일,09:00,19:00,09:00,19:00,09:00,19:00,09:00,19:00,09:00,19:00,09:00,19:00,09:00,19:00,09:00,19:00,09:00,19:00,09:00,19:00,09:00,19:00,09:00,19:00,09:00,19:00,09:00,19:00,주류,평창군,033-330-2314,2020-11-25,4280000,강원도 평창군
만항재,2,강원도,정선군,강원도 정선군 고한읍 함백산로 1093-10,강원도 정선군 고한읍 고한리 산 215,37.159373,128.900325,1,120만원(1년치),2017-06-12,2018-06-12,없음,10:00,17:00,08:30,18:00,10:00,17:00,10:00,17:00,10:00,17:00,10:00,17:00,10:00,17:00,10:00,17:00,10:00,17:00,10:00,17:00,10:00,17:00,10:00,17:00,10:00,17:00,10:00,17:00,식품외품목,정선군청,033-560-2010,2020-10-28,4290000,강원도 정선군
남양주체육문화센터 푸드트럭존,3,경기도,남양주시,경기도 남양주시 다산지금로 91,경기도 남양주시 이패동 산87,37.60592685,127.1777885,1,0,2018-08-01,2020-12-31,연중무휴,00:00,12:00,00:00,12:00,,,,,,,,,,,,,,,,,,,,,,,,,주류,남양주시,031-590-8676,2020-10-29,3990000,경기도 남양주시
진건도서관,8,경기도,남양주시,경기도 남양주시 진건읍 진건오남로 41-25,경기도 남양주시 진건읍 사능리 646-7,37.65513558,127.1774389,1,0,2019-06-01,2023-05-31,연중무휴,00:00,12:00,00:00,12:00,,,,,,,,,,,,,,,,,,,,,,,,,주류,남양주시,031-590-8676,2020-10-29,3990000,경기도 남양주시
별내체육공원,3,경기도,남양주시,경기도 남양주시 별내3로 244(별내동),경기도 남양주시 별내동 910,37.65972953,127.1213599,1,0,2019-07-07,2022-07-06,연중무휴,00:00,12:00,00:00,12:00,,,,,,,,,,,,,,,,,,,,,,,,,주류,남양주시,031-590-8676,2020-10-29,3990000,경기도 남양주시
다산동사무소,8,경기도,남양주시,경기도 남양주시 다산중앙로 7(다산동),경기도 남양주시 다산동 6150,37.6139266,127.1555493,1,0,2019-10-08,2021-10-13,연중무휴,00:00,12:00,00:00,12:00,,,,,,,,,,,,,,,,,,,,,,,,,주류,남양주시,031-590-8676,2020-10-29,3990000,경기도 남양주시
금오랜드,1,경상북도,구미시,경상북도 구미시 금오산로 339 (남통동),경상북도 구미시 남통동 253,36.1133043401,128.3155848682,1,0,2015-02-11,2099-12-31,연중무휴,09:00,20:00,09:00,20:00,,,,,,,,,,,,,,,,,,,,,,,,,,구미시,054-480-5548,2020-10-29,5080000,경상북도 구미시
선기졸음쉼터(부산방향),7,경상북도,구미시,,경상북도 구미시 도량동 472-4,,,1,0,2017-12-12,2018-12-11,연중무휴,09:00,21:00,09:00,21:00,,,,,,,,,,,,,,,,,,,,,,,,,,구미시,054-480-5548,2020-10-29,5080000,경상북도 구미시
선기졸음쉼터(서울방향),7,경상북도,구미시,,경상북도 구미시 도량동 333-2,,,1,0,2017-12-12,2018-12-11,연중무휴,09:00,21:00,09:00,21:00,,,,,,,,,,,,,,,,,,,,,,,,,,구미시,054-480-5548,2020-10-29,5080000,경상북도 구미시
기장군청,8,부산광역시,기장군,부산광역시 기장군 기장읍 기장대로 560,부산광역시 기장군 기장읍 신천리 1,35.24348158,129.222956,1,"연371,800원",2017-03-03,2021-01-24,연중무휴,08:30,18:00,08:30,18:00,08:30,18:00,08:30,18:00,08:30,18:00,08:30,18:00,08:30,18:00,08:30,18:00,08:30,18:00,08:30,18:00,08:30,18:00,08:30,18:00,08:30,18:00,08:30,18:00,,기장군,051-709-4162,2020-09-21,3400000,부산광역시 기장군
남광주밤기차야시장,99,광주광역시,동구,광주광역시 동구 제봉로 7,광주광역시 동구 학동 55,35.1389375047,126.9218721795,,"월 200,000원",2016-10-21,2019-12-31,월+화+수+목+금+일,00:00,00:00,18:30,23:30,,,,,,,,,,,,,,,,,,,,,,,,,주류,광주광역시 동구,062-608-3357,2020-10-26,6290000,광주광역시
국립아시아문화전당,8,광주광역시,동구,광주광역시 동구 문화전당로 38,광주광역시 동구 광산동 13,35.1469155857,126.9199944815,,행사별 다름,2017-05-02,2019-12-31,행사종료일,17:00,22:00,17:00,22:00,,,,,,,,,,,,,,,,,,,,,,,,,주류,광주광역시 동구,062-608-3357,2020-10-26,6290000,광주광역시
충장축제 행사장,99,광주광역시,동구,광주광역시 동구 문화전당로 38,광주광역시 동구 광산동 13,35.1469155857,126.9199944815,,"550,000(5일, 부과세 포함)",2016-09-26,2019-12-31,행사종료일,12:30,22:00,12:30,22:00,,,,,,,,,,,,,,,,,,,,,,,,,주류,광주광역시 동구,062-608-3357,2020-10-26,6290000,광주광역시
김대중컨벤션센터,8,광주광역시,서구,광주광역시 서구 상무누리로 30,광주광역시 서구 치평동 1159-2,35.1467770575,126.8404804808,,"연 4,200,000원",2017-12-16,2021-02-09,연중무휴,10:00,19:00,10:00,19:00,,,,,,,,,,,,,,,,,,,,,,,,,주류,광주광역시 서구,062-360-7322,2020-10-26,6290000,광주광역시
상무시민공원,4,광주광역시,서구,"광주광역시 서구 상무공원로 101(1층 치평동, 상무시민공원)",광주광역시 서구 치평동 1162,35.1533933971,126.8410956574,,확인불가,2017-05-09,2019-05-08,연중무휴,10:00,19:00,10:00,19:00,,,,,,,,,,,,,,,,,,,,,,,,,주류,광주광역시 서구,062-360-7322,2020-10-26,6290000,광주광역시
풍암호수공원,4,광주광역시,서구,,광주광역시 서구 풍암동 491-3,,,,"연 57,000원",2017-05-09,2021-05-08,연중무휴,10:00,19:00,10:00,19:00,,,,,,,,,,,,,,,,,,,,,,,,,주류,광주광역시 서구,062-360-7322,2020-10-26,6290000,광주광역시
광주시청(야외스케이트장),8,광주광역시,서구,"광주광역시 서구 내방로 111(치평동, 광주광역시청 문화광장 내 야외스케이트장)",광주광역시 서구 치평동 1200,35.1600994105,126.8514619252,,입찰계약,2016-12-17,2017-01-31,연중무휴,10:00,19:00,10:00,19:00,,,,,,,,,,,,,,,,,,,,,,,,,주류,광주광역시 서구,062-360-7322,2020-10-26,6290000,광주광역시
광주사직공원,4,광주광역시,남구,"광주광역시 남구 사직길 49-1, 1층 (사동)",,35.1416220188,126.9114959353,,0,2018-08-31,2019-12-31,영업주 자유,13:00,23:59,13:00,23:59,,,,,,,,,,,,,,,,,,,,,,,,,주류,광주정보문화산업진흥원,062-654-3621,2020-10-26,6290000,광주광역시
우치공원,4,광주광역시,북구,광주광역시 북구 우치로 649(생용동),광주광역시 북구 생용동 90,35.2215344986,126.9019724687,,"연 35,110원",2016-04-19,2020-04-18,연중무휴,10:00,23:59,10:00,18:00,,,,,,,,,,,,,,,,,,,,,,,,,주류,광주광역시 북구,062-410-6698,2020-10-26,6290000,광주광역시
황룡친수공원,4,광주광역시,광산구,,광주광역시 광산구 선암동 214-4,,,,"연 360,000원",2016-06-22,2020-05-31,연중무휴,10:00,19:00,10:00,19:00,10:00,17:00,10:00,17:00,10:00,19:00,10:00,19:00,10:00,19:00,10:00,19:00,10:00,19:00,10:00,19:00,10:00,19:00,10:00,19:00,10:00,17:00,10:00,17:00,주류,광주광역시 광산구,062-960-8784,2020-10-26,6290000,광주광역시
